,id,tweet,clean_tweet
0,1468137940844830721,"@republikaonline PPKM Level 3 dipindahkan pas saat romadhon &amp; idul Fitri aja...

Biasalah itu gak kaget &amp; bukan hal baru...

https://t.co/HsKBaFopen",ppkm level pindah pas romadhon amp idul fitri  biasa tidak kaget amp
1,1468137931697111041,"Kapolsek Gatak IPTU Tugiyo, S.H., M.H. bersama anggota melaksanakan pengecekan Posko PPKM Level 2 di Balai Desa Trosemi Kec Gatak Kab Sukoharjo.

Selasa (07/12/2021)
#PolisiSukoharjo
#PolriPresisi https://t.co/Rg84QtMy1a",kapolsek gatak iptu tugiyo s h m h anggota laksana kece posko ppkm level balai desa trosemi kec gatak kab sukoharjo selasa polisisukoharjo polripresisi
2,1468137794874707970,Alasan Pembatalan PPKM Level 3 Jelang Nataru hingga Masyarakat Bisa Merayakan Natal dan Tahun Baru https://t.co/WiHoCDbzw1,alas batal ppkm level jelang nataru masyarakat raya natal
3,1468137794438504448,serius ppkm akhir taun dibatalin???? tp msh blh ambil cuti akhir taun gaksiii????,serius ppkm taun dibatalin tp msh blh ambil cuti taun gaksiii
4,1468137760317788161,Kata pak luhut covid di indonesia sudah terkendali sehingga gaperlu diberlakukan ppkm lv. 3. Tapi kemarin liat berita angka covid di india sekarang tertinggi setelah juli jadi bikin merinding sendiri. Semoga indonesia tetap terkendali üò≠,luhut covid indonesia kendali gaperlu laku ppkm lv kemarin liat berita angka covid india tinggi juli bikin merinding moga indonesia kendali
5,1468137745637801987,"feeling gue kok libur nya ttp ada ya, karna ppkm level 3 dibatalkan",feeling gue libur nya ttp ya karna ppkm level batal
6,1468137674628218880,"@geloraco Dia kan mo natalan, jelas PPKM tdk berlaku.. Atur aja sesukamu pung mumpun lagi berkuasa.",mo natal ppkm tdk laku atur  suka pung mumpun kuasa
7,1468137660380172289,"Mau tau game gacor , JP rekomendasi hari ini ? Nih dia Jawabannya No Tipu Tipu Cuma di Sini Situs Judi Online Terbaik Untuk Semua Kalangan , langsung aja gasken ke Nona88.
#nona88 #game #gameonline #gameonlineindonesia #slot #PPKM #slotonline #slotgame #slotgacorhariini https://t.co/i5UJGFCEQX",tau game gacor jp rekomendasi nih jawab no tipu tipu situs judi online baik kalang langsung  gasken nona nona game gameonline gameonlineindonesia slot ppkm slotonline slotgame slotgacorhariini
8,1468137638745948161,"PPKM Level 3 Dibatalkan, Perayaan Tahun Baru Dibolehkan?
https://t.co/Rde2fyxLgs",ppkm level batal raya boleh
9,1468137557296705536,"Wingi PPKM do ngeluh raisoh ngopo"",
Bareng wes ra PPKM genti ngeluh peh akeh sumbangan wong ewoh.",wing ppkm do ngeluh raisoh ngopo bareng wes ra ppkm genti ngeluh peh akeh sumbang ewoh
10,1468137536841129984,"Bal dengan lada perusahaan di Muntok siap diangkut di sungai, dengan tulisan ""Ladapoeti L.A.P. Muntok"", sekitar tahun 1914.
-----
Rumini | PPKM | Dada https://t.co/iUv0pEtSIV",bal lada usaha muntok angkut sungai tulis ladapoeti l a p muntok rumin ppkm dada
11,1468137405714604032,"PPKM level 3 nya nanti aja ya kalo mau RAMADHAN &amp; 'IDUL FITRI
""DASAR KOPLAK""
ini bukti kalo covid bs di atur sesuai kebutuhanüò°üò° https://t.co/cNlwkMDUuO",ppkm level nya  ya kalo ramadhan amp idul fitri dasar koplak bukti kalo covid bs atur sesuai butuh
12,1468137350484008963,PPKM,ppkm
13,1468137276689424387,"PPKM level 3 dibatalkan, tapi kamu bikin viral Bali banjir.",ppkm level batal bikin viral bal banjir
14,1468137268540243972,"GAK SIDO PPKM LEVEL 3

Sekian.",tidak sido ppkm level sekian
15,1468137260142923776,"Tidak ada PPKM Level 3 Akhir Tahun, Pemerintah Siap Hadapi Libur Natal dan Tahun Baru https://t.co/WmkF6MV0VR",ppkm level perintah hadap libur natal
16,1468137253239021569,"‚úø We Tv Vip
Sharing 
1 bulan : 12k
3 bulan : 15k
1 Tahun : 30k

Private 
1 bulan : 25k
3 bulan : 60K
1 Tahun : 170K

T. PPKM Rumini Sophia Latjuba",we tv vip sharing k k k private k k k t ppkm rumin sophia latjuba
17,1468137185895677952,@Gamaudungu @renaldi_rendy @RieGucciano Berarti cuma dipake krna mau adain libur tahun baru dan natalü§î..pas hari raya umat muslim langsung ppkm lagi,rendy dipake krna adain libur natal pas raya umat muslim langsung ppkm
18,1468137161618644993,"PPKM Level 3 Dibatalkan, Pemerintah Dinilai Belum Lakukan Kajian Seluruh Aspek

Klik untuk baca: https://t.co/quqwe9Y1KW",ppkm level batal perintah nilai laku kaji aspek klik baca
19,1468137040608784386,@Excel_Dee PPKM.,dee ppkm
20,1468136998628212743,"Mendagri Terbitkan Instruksi Lanjutan PPKM Luar Jawa-Bali
https://t.co/ezAj1ASNPD",mendagri terbit instruksi lanjut ppkm jawa bal
21,1468136966206234625,@koalajingga @CNNIndonesia Masih 5 bulan lebaran dan kita gatau ada PPKM atau ga semoga aja enggak. Ga masuk akal lagi PPKM diadakan ketika vaksin udah melebihi 70%,lebaran gatau ppkm tidak moga  tidak masuk akal ppkm ada vaksin udah lebih
22,1468136954260717570,@tvOneNews Ppkm akan berlaku pada saat hari2 besar islam aja....nanti pas hari raya idul fitri pasati langsung level 4..ppkm diberlakukan.....dimana letak keadilanya...!!!!!,ppkm laku islam  pas raya idul fitri pasat langsung level ppkm laku mana letak keadilanya
23,1468136905476771842,Ada kepentingan politik apa dibalik batalnya ppkm lv 3? üëÄ,penting politik balik batal ppkm lv
24,1468136838342877184,Pengusaha Dukung PPKM Level 3 Batal saat Libur Nataru,usaha dukung ppkm level batal libur nataru
25,1468136829740269581,Pemerintah lewat Menko Marves memastikan kebijakan PPKM Level 3 Nataru di seluruh wilayah Indonesia dibatalkan. Kira-kira setuju atau nggak detikers? https://t.co/TTGcWuYTBz,perintah menko marves bijak ppkm level nataru wilayah indonesia batal tuju nggak detikers
26,1468136818826629122,@Mrs_RG57 @MS_Didu PPKM= Penyekatan Pemerintah Kepada Masyarakat level 3 tidak jadi diberlakukan selama libur Nataru 2022. Bisa jadi PPM Level 3 baru akan dilakukan saat bulan üåô Ramadhan dan Idul Fitri. Ya kita tunggu saja,rg didu ppkm sekat perintah masyarakat level laku libur nataru ppm level ramadhan idul fitri ya tunggu
27,1468136780373372928,"Oleh karena itu, pemerintah kembali melanjutkan Pemberlakukan Pembatasan Kegiatan Masyarakat (PPKM) di Luar Jawa-Bali hingga tanggal 23 Desember 2021.",perintah lanjut laku batas giat masyarakat ppkm jawa bal tanggal desember
28,1468136731148898308,"Pemerintah Batalkan PPKM Level 3, Syarat Perjalanan Tetap Diperketat https://t.co/XHT2d11Dvk #Bali #Denpasar",perintah batal ppkm level syarat jalan ketat bal denpasar
29,1468136725415268352,"PPKM di batalin, jd pengen ke bandung deh",ppkm batalin jd ken bandung deh
30,1468136716309450752,"Penerapan PPKM Berbeda Level Tuntut Kolaborasi Pengawasan yang Baik Antardaerah.
 https://t.co/5a7hbbuRyI",terap ppkm beda level tuntut kolaborasi awas antardaerah
31,1468136598273470469,"PPKM Level 3 Tak Jadi Diberlakukan Selama Nataru, Ini Aturan Perjalanan Terbaru
https://t.co/4q90VUliOk",ppkm level laku nataru atur jalan baru
32,1468136521920176130,Anies Resmi Teken Kepgub PPKM Level 3 Jakarta Selama Libur Natal dan Tahun Baru https://t.co/xQkhh3v1uL https://t.co/373mERyGGD https://t.co/4gGhNsj1ci,anies resmi teken kepgub ppkm level jakarta libur natal
33,1468136508393603074,PAN Kritik Aturan PPKM Level 3 Berubah: Bukti Belum Dikaji dengan Baik! - https://t.co/h3I77VUpuf https://t.co/2RdxnD4sIg,pan kritik atur ppkm level ubah bukti kaji
34,1468136500806107137,Kapolsek kunjungan sekaligus pengecekan Posko PPKM Mikro Ringinanom jelang nataru https://t.co/XKcBzwY2lG,kapolsek kunjung kece posko ppkm mikro ringinanom jelang nataru
35,1468136486625185793,"https://t.co/pY2tNblxiO

Semua Tidak Terasa Aneh Selama Yang Membuat Kebijakan PemerintahüòÅ, Kalau Pemerintah bilang Benar ya Benar Gak Usah NgeyelüòÅ. Yang Ngeyel Nanti Takutnya di bilang IntoleranüòÅ",aneh bijak perintah perintah bilang ya tidak ngeyel ngeyel takut bilang intoleran
36,1468136470372253701,"Jerinx bilang juga apa, c19 itu gak ada
Cuman permainan mangkannya seketika jerinx di tangkap karena origarki gak mau rahasia nya bocor
Ppkm hanya berlaku idul fitri dan idul adha",jerinx bilang c tidak cuman main mang jerinx tangkap origarki tidak rahasia nya bocor ppkm laku idul fitri idul adha
37,1468136466538659841,"PPKM Level 3 Batal Dilaksanakan, Moeldoko : Bentuk Kebijakan &amp;lsquo;Gas-Rem&amp;rsquo; Presiden https://t.co/lFHORTaejA #PPKM",ppkm level batal laksana moeldoko bentuk bijak amp lsquo gas rem amp rsquo presiden ppkm
38,1468136401614954499,"ppkm batal diterapkan, gua ke bandung ga pulang pulang",ppkm batal terap gua bandung tidak pulang pulang
39,1468136327644270592,@thisgummy Sabar ntr ksana kan ga jadi ppkm,sabar ntr ksana tidak ppkm
40,1468136294693801985,"Kepala Staf Kepresidenan Moeldoko mengatakan, pembatalan penerapan PPKM level 3 serentak merupakan bentuk kebijakan gas dan rem Presiden Joko Widodo dalam menangani Covid-19.

 https://t.co/xUmDWvM9py",kepala staf presiden moeldoko batal terap ppkm level serentak bentuk bijak gas rem presiden joko widodo tangan covid
41,1468136267133034496,"Pembatalan PPKM Level 3 saat Natal dan Tahun Baru, DPR Menduga Ada Motif Ekonomi https://t.co/jjIH8sUOE7",batal ppkm level natal dpr duga motif ekonomi
42,1468136173784629248,"Pemerintah Batalkan PPKM Level 3 Saat Nataru, Saleh Daulay: Karena Banyak Yang Nolak https://t.co/Z9hr5kIKM2",perintah batal ppkm level nataru saleh daulay nolak
43,1468136138460123139,"Tasikmalaya. Danrem 062/ Tarumanagara Kol. Inf Kosasih, S.E. mengikuti vicon secara virtual yang diselenggarakan Mabes Tni Pimpinan Panglima TNI (Jenderal TNI Andika Perkasa)
tentang Evaluasi Ops PPKM di seluruh Provinsi bertempat diruang data Kodim 0612/Tsm. Selasa (07/12/2021). https://t.co/eL2RZ3bvlw",tasikmalaya danrem tarumanagara kol inf kosasih s e ikut vicon virtual selenggara mabes tni pimpin panglima tni jenderal tni andika perkasa evaluasi ops ppkm provinsi tempat ruang data kodim tsm selasa
44,1468136088698900484,@bogorfess_ ppkm,ppkm
45,1468136081463730176,@tvOneNews giliran idul fitri mudik ditiadakan karena lonjakan covid akibat libur nataru kemaren..terus berulang sampai luhut pensiun..level PPKM bisa diatur semau sendiri sesuai keinginan sendiri..,gilir idul fitri mudik tiada lonjak covid akibat libur nataru kemaren ulang luhut pensiun level ppkm atur mau sesuai
46,1468136024828112897,"PPKM..indonesia di dibatalkan 

hadeuhh Indonesia... https://t.co/hGcHeuX4HV",ppkm indonesia batal hadeuhh indonesia
47,1468136024350072832,Pantai Pulo Kodok Tegal Selama PPKM Sepi Pengunjung https://t.co/lz7I0IlMhs,pantai pulo kodok tegal ppkm sepi unjung
48,1468135933027360772,Hadeuh.....ntar kita liat hari besar umat muslim...PPKM bakal dibatalin juga ga sama opungü§îü§îü§î https://t.co/nsAchK8xYl,hadeuh ntar liat umat muslim ppkm dibatalin tidak opung
49,1468135887896649730,Pemkot Bandung Sesuaikan Kebijakan Baru PPKM pada Akhir Tahun https://t.co/Jps5YwLZSb,pemkot bandung sesuai bijak ppkm
50,1468135867906596864,"Baca di TL ttg PPKM yang dibatalkan kenapa banyak yang nyinyir ya??. Ppkm salah, dibatalkan salahü§£",baca tl ttg ppkm batal nyinyir ya ppkm salah batal salah
51,1468135861015531522,"Akhirnya‚Ä¶ Pemerintah Batal Terapkan PPKM Level 3 Seluruh Indonesia Saat Nataru
https://t.co/L96eHmgOat",perintah batal terap ppkm level indonesia nataru
52,1468135841784483840,tiwas tiket dibatal jebul gak sido ppkm. hahaha,tiwas tiket batal jebul tidak sido ppkm hahaha
53,1468135837812412421,di cancel nya PPKM lv.3 ini sperti dejavu. yg akan membangkitkan istilah baru dalam series ter favorit sepanjang masa ini. tf.,cancel nya ppkm lv sperti dejavu  bangkit istilah series ter favorit tf
54,1468135832510816256,"@atinaharyanto nah bener banget ini kak wkwk mau ppkm, ngga ppkm. sama aja la wong cuti nya ditiadakan ü§£",bener banget kak wkwk ppkm ngga ppkm  la cuti nya tiada
55,1468135831424536578,Alhamdulillah PPKM Lev.3 tdk jadj diterapkan. Kalau akhir bulan atau awal tahun kepanggil buat OJT kan ga sulid hehe,alhamdulillah ppkm lev tdk jadj terap panggil ojt tidak sulid hehe
56,1468135748167618565,Tingkat hunian hotel di #Bali saat #nataru diprediksi mencapai 50 persen. #PHRI #PPKMlevel3 #luhut #publisherstory https://t.co/pS2DJ1HTrh,tingkat huni hotel bal nataru prediksi capai persen phri ppkmlevel luhut publisherstory
57,1468135735630913540,Puan: PPKM Nataru Sesuai Kondisi Daerah Memenuhi Asas¬†Keadilan https://t.co/1jte4r5jzR,puan ppkm nataru sesuai kondisi daerah penuh asas adil
58,1468135732678119426,Puan: PPKM Nataru Sesuai Kondisi Daerah Memenuhi Asas¬†Keadilan https://t.co/8yGW7DZuRW,puan ppkm nataru sesuai kondisi daerah penuh asas adil
59,1468135728710303744,Puan: PPKM Nataru Sesuai Kondisi Daerah Memenuhi Asas¬†Keadilan https://t.co/jN36ZyjTI8,puan ppkm nataru sesuai kondisi daerah penuh asas adil
60,1468135727871315972,Keknya pusing di peradaban burung ini enaknya ikut beradaban burung sebelah pupung gajadi ppkm,kek pusing adab burung enak adab burung belah pupung gajadi ppkm
61,1468135711547084804,"@Markonah_003 POKOKNYA HARI HARI RAYA SI LORD ANJINK INI PASTI AKAN DIPERMUDAH. BEDA KALO HARI HARI RAYA ISLAM, SELALU DITAKUT2I SOAL LONJAKAN COVID DAN DIPAKSAKAN PPKM INI ITU",pokok raya si lord anjink mudah beda kalo raya islam takut i lonjak covid paksa ppkm
62,1468135694287527941,"Pembatalan PPKM Level 3 Serentak Harus Diikuti Pemantauan yang Benar

Baca selengkapnya disini
https://t.co/7UVEVsKn3j

#MataIndonesia #News #PPKMLevel3 #PembatalanPPKM #LiburAkhirTahun",batal ppkm level serentak ikut pantau baca lengkap mataindonesia news ppkmlevel pembatalanppkm liburakhirtahun
63,1468135691661893634,"Hai SohIB!

Berdasarkan SE No 23 Th 2021 tentang Protokol Kesehatan Perjalanan Internasional pada Masa Pandemi, masa #Karantina #COVID19 terbaru berlaku selama 10 hari.

@kemendagri @lawancovid19_id
#IndonesiaBaik #AturanKarantina #PPKM #WNA #WNI #COVID19 #KominfoNewsroom https://t.co/EB0Q9La8hl",hai sohib dasar no th protokol sehat jalan internasional pandemi karantina covid baru laku id indonesiabaik aturankarantina ppkm wna wni covid kominfonewsroom
64,1468135681146830851,"PPKM tidak jadi, namun kau yang akan rabi.",ppkm kau rabi
65,1468135673395748865,"Danrem 051/Wkt Brigjen TNI R.Sidharta Wisnu Graha, S.E., mengikuti rakor tentang jumlah final operasi PPKM dan Vaksinasi, melalui zoom metting pimpinan Panglima TNI Jenderal Andika Perkasa, bertempat Ruang lounge Lt.1 Makorem 051/Wkt, Selasa (7/12/2021). https://t.co/JxXmm8UZg3",danrem wkt brigjen tni r sidharta wisnu graha s e ikut rakor final operasi ppkm vaksinasi zoom metting pimpin panglima tni jenderal andika perkasa tempat ruang lounge lt makorem wkt selasa
66,1468135668261941250,"infonya dong, katanya ppkm level 3 batal ya?
terus selama natal-tahun baru besok kalo bepergian berarti gak ada pengecekan rapid gitu kan?",info ppkm level batal ya natal besok kalo pergi tidak kece rapid gitu
67,1468135655284699136,PPKM RUMINI BOIKOT JNE,ppkm rumin boikot jne
68,1468135641661657089,"PPKM Level 3 Selama Libur Natal dan Tahun Baru (Nataru) Dibatalkan https://t.co/wy6qswi2ik 
#PPKM #PPKMlevel3dibatalkan #Nataru #Natal #TahunBaru2022 #libur #liburan #InfoBanjir #BeritaTerkini #BeritaJogja #beritaViral #beritartm #beritadialektika #beritaterbaru #BeritaJakarta",ppkm level libur natal nataru batal ppkm ppkmlevel batal nataru natal tahunbaru libur libur infobanjir beritaterkini beritajogja beritaviral beritartm beritadialektika beritaterbaru beritajakarta
69,1468135637505044482,"Aamiin Aamiin Aamiin, please jangan ppkm aku mau pulang ‚òπ || https://t.co/HHXs9XPeEI",aamiin aamiin aamiin please ppkm pulang
70,1468135612607647749,PPKM Level 3 diganti dengan Pembatasan Khusus Nataru. https://t.co/n3vEF6T94c,ppkm level ganti batas khusus nataru
71,1468135574254985218,"Wakil ketua DPR mengatakan, pembatalan PPKM Level 3 berdasarkan kajian. https://t.co/nsxO8kTqjj",wakil ketua dpr batal ppkm level dasar kaji
72,1468135492537434113,Saya suka PPKM without PP.,suka ppkm without pp
73,1468135485251801090,Kegiatan yustisi PPKM sasaran kafe maupun tempat keramaian lainnya https://t.co/a84fRjFCzM,giat yustisi ppkm sasar kafe ramai
74,1468135432399560705,"PPKM Level 3 Nataru Batal, Pemkot Malang Ikuti Arahan¬†Pusat https://t.co/cmn8FOwgAZ",ppkm level nataru batal pemkot malang ikut arah pusat
75,1468135417065390087,@CNNIndonesia Pas lebaran aja punG ppkm nya...akal2 elo buat kaum minoritas elo ya?,pas lebaran  pung ppkm nya akal elo kaum minoritas elo ya
76,1468135377533763587,Belum juga ketemu udah ppkm lagi aja,ketemu udah ppkm 
77,1468135327994769418,@CNNIndonesia @lailatulkhs gasido ppkm,gasido ppkm
78,1468135279408025602,"@oliviangelyn katanya jadi, tapi ganti nama bukan ppkm",ganti nama ppkm
79,1468135242158391300,"PPKM Level 3 Serentak Batal Diterapkan, Mendari: Diganti PKM di Masa Nataru, Ini Pembatasannya
#PPKM #PPKMLevel3 #Nataru #NatalTahunbaru #Mendagri

https://t.co/ibf2euUEK8",ppkm level serentak batal terap dari ganti pkm nataru batas ppkm ppkmlevel nataru nataltahunbaru mendagri
80,1468135229529284611,"Andai saya jadi pak @jokowi pun akan melakukan hal yg sama

Kita harus berani ""mengambil kesempatan"" saat kasus menurun

Penyekatan wilayah akan makin memelorotkan ekonomi masyarakat kecil (jumlahnya sangat besar)

Yg penting sudah vaksin dan tetap prokes

https://t.co/B82bo2Lq7n",andai  berani ambil sempat turun sekat wilayah pelorot ekonomi masyarakat  vaksin prokes
81,1468135167856312321,"@alexander_murfi Apakah Ini yang namanya Rasis....?, idul Fitri PPKM sedangkan natal dan Tahun Baru Ngak.",murfi nama ras idul fitri ppkm natal ngak
82,1468135131005087745,"sungguh biadab,
covid19 di jadikan alat politik &amp; ladang bisnis &amp; Rakyat jd korban dari
ditakuti hungga ada aturan pspb, ppkm berlevel
dibodohin&amp;ditipu harga pcr, 
dibelunggu dgn diwajibkn vaksin yg smpi saat vaksin bkn solusinya
lbh parahnya lg diskriminasi thdp Muslim https://t.co/Zys4MGXFTk",sungguh biadab covid jadi alat politik amp ladang bisnis amp rakyat jd korban takut hungga atur pspb ppkm level dibodohin amp tipu harga pcr dibelunggu dgn diwajibkn vaksin  smpi vaksin bkn solusi lbh parah lg diskriminasi thdp muslim
83,1468135125967794180,@CNNIndonesia GILIRAN HARI HARI RAYA BESAR ISLAM MALAH DIPERSULIT &amp; DIPAKSAKAN ADA PPKM INI ITU. ANJIANK LAH BANGKE,gilir raya islam sulit amp paksa ppkm anjiank bangke
84,1468135054455017474,Wakil Ketua MPR: PPKM saat libur Natal perlu pengawasan lebih cermat https://t.co/MEGpqzk2co,wakil ketua mpr ppkm libur natal awas cermat
85,1468135033655504898,"Moeldoko: PPKM tingkat 3 batal bentuk kebijakan ""gas-rem"" presiden https://t.co/CR9994aFnO",moeldoko ppkm tingkat batal bentuk bijak gas rem presiden
86,1468134976226938885,"@arif_ristianto @MafiaWasit Manusia ruwet ppkm dinaikin salah, ppkm diturunin salah, goblokmu mengalir sampe jauh",ristianto manusia ruwet ppkm dinaikin salah ppkm diturunin salah goblok alir sampe
87,1468134973618094081,asiiik ppkm pas nataru dibatalin,asiiik ppkm pas nataru dibatalin
88,1468134963778244608,Tito Karnavian Sebut Pemerintah Batalkan PPKM Level 3 Selama Nataru https://t.co/hlZ3Z8Ci4r,tito karnavian perintah batal ppkm level nataru
89,1468134911538130945,"@berguIingg kayanya bakal libur deh, gua abis berkelana di ig. nemu info soal ppkm level 3 di cabut, paling cuma di perketat soal wisata dsb. cmiiw",kaya libur deh gua abis kelana ig nemu info ppkm level cabut ketat wisata dsb cmiiw
90,1468134888100429824,"@ajengdayu Cuma smp.desember aja keknya je, antisipasi yg liburan biar pada ogah jalan¬≤ wkwk. Kmrn pas ppkm level 1 dah 3 hari doang si karantinanya. Kapan baliiikk",smp desember  kek je antisipasi  libur biar ogah jalan wkwk kmrn pas ppkm level dah doang si karantina baliiikk
91,1468134887857082370,PPKM berlaku hanya utk umat Islam... https://t.co/nhAFGbboEF,ppkm laku utk umat islam
92,1468134861059858436,"https://t.co/dKvge0jeNs : Kebijakan PPKM Level 3 saat Nataru Dibatalkan, Kemenkes: Tetap Ada Pembatasan https://t.co/Ak64aBCAQ0",bijak ppkm level nataru batal kemenkes batas
93,1468134860845817862,Kegiatan anev PPKM https://t.co/MGBnBUlWK8,giat anev ppkm
94,1468134834757197824,Mendagri Tito Ungkap Alasan Pembatalan PPKM di Libur Nataru https://t.co/0f5kLGrCNr #LiburNataru #Mendagri #PPKMLevel3 #TitoKarnavian https://t.co/84ij0ZDpau,mendagri tito alas batal ppkm libur nataru liburnataru mendagri ppkmlevel titokarnavian
95,1468134821352280064,@tvOneNews Lagian apaansih harus PPKM niih nasib gw merantau blm pulang setaun -_-,apaansih ppkm niih nasib gw rantau blm pulang taun
96,1468134786279436289,Kalau ppkm dibatalin jadi libur ga sihhh? https://t.co/hWTaG4tp8C,ppkm dibatalin libur tidak sihhh
97,1468134780902408193,"Jateng Siaga Erupsi Merapi...!

Rumini Sophia Latjuba Idul Fitri PPKM #banjir Nataru #IndonesiaUntukSemeru Selasa #erupsisemeru #ErupsiGunungSemeru #JNEMajuIndonesia Sayap Natal #PeduliKorbanBencana #Cawapres2024

https://t.co/RJUr1nZVIO",jateng siaga erupsi rapi rumin sophia latjuba idul fitri ppkm banjir nataru indonesiauntuksemeru selasa erupsisemeru erupsigunungsemeru jnemajuindonesia sayap natal pedulikorbanbencana cawapres
98,1468134777354076167,Balangan Berhasil Turunkan Status PPKM Ke Level¬†1 https://t.co/Rta0NdOJIN,balang hasil turun status ppkm level
99,1468134623926308867,"@CNNIndonesia PPKM Di Batalkan Karna Mau Menyambut NATAL &amp; TAUN Baru , ,
Kalo Kemaren Kan Di Terapkan Karna Mau BUBARIN ACARA REUNI AKBAR 212",ppkm batal karna sambut natal amp taun kalo kemaren terap karna bubarin acara reuni akbar
100,1468134542162628608,"Sudah terbaca!
PPKM hanya untuk HARI-HARI BESAR UMAT ISLAM SAJA! https://t.co/zN9fVFFBOo",baca ppkm umat islam
101,1468134527692259331,"PPKM level 3 batal diterapkan di seluruh Indonesia mulai 24 Desember 2021 hingga 2 Januari 2022.

Mesti üòò atau üò≠ ?? 

https://t.co/LMsx0dC2jO https://t.co/3EfcWNKoxi",ppkm level batal terap indonesia desember januari mesti
102,1468134486969704454,Natal aman tanpa PPKM mari semangat,natal aman ppkm mari semangat
103,1468134448835141635,Batal! Pemerintah Tak Terapkan PPKM Level 3 saat Libur Natal dan Tahun Baru https://t.co/trneFRiw5S @nissanmobilku https://t.co/cypBbbppuK,batal perintah terap ppkm level libur natal
104,1468134441558024192,"Resmi! Pemerintah Batalkan Aturan PPKM Level 3 di Masa Nataru

#PPKM #luhut #coronavirus 
#JAVAONLINE77 #IDNLIVE #IDNTOGEL #TOGELONLINE #TOGELINDONESIA #PREDIKSITOGEL #SitusTogelTerpercaya

https://t.co/t7Z94dXQmg https://t.co/213mbKFeUt",resmi perintah batal atur ppkm level nataru ppkm luhut coronavirus javaonline idnlive idntogel togelonline togelindonesia prediksitogel situstogelterpercaya
105,1468134357084692484,"Libur telah tiba
Thank u perdana menteri Lord Luhut üï∫ü§ó
https://t.co/y8BVMYeWgo",libur thank u perdana menteri lord luhut
106,1468134353087524865,Moeldoko sebut pembatalan bukti kebijakan gas dan rem https://t.co/4tkaGKUUDq,moeldoko batal bukti bijak gas rem
107,1468134346129244160,Tito Karnavian menyebut kebijakan PPKM bersifat dinamis https://t.co/EbzWEmKGRY,tito karnavian sebut bijak ppkm sifat dinamis
108,1468134328244662272,"Semoga engak ada PPKM nanti pas Idul Fitri 2022, pengen nikah",moga engak ppkm pas idul fitri ken nikah
109,1468134235030491141,Katanya corona ngga jadi muncul karena PPKM dibatalkan?,corona ngga muncul ppkm batal
110,1468134165388398592,@UyokBack Nanti pas mau lebaran anti body nya melemah lg.. Trus ppkm lg... Pathek kau opung,pas lebaran anti body nya lemah lg trus ppkm lg pathek kau opung
111,1468134139178012673,"Sobat Jatim, Menjelang tahun baru, vaksinasi COVID-19 terus digelar di Surabaya. Terlebih berkaca dari tahun baru sebelumnya, sempat terjadi lonjakan kasus COVID-19. selengkapnya https://t.co/te8c2Z3u5V. #gunungsemeru #semeru #erupsisemeru #PPKM #erupsi #banjir #vaksin #vaksin https://t.co/w7RdXMKOdU",sobat jatim jelang vaksinasi covid gelar surabaya kaca lonjak covid lengkap gunungsemeru meru erupsisemeru ppkm erupsi banjir vaksin vaksin
112,1468134067770048515,"PPKM Level 3 Dibatalkan, Gubernur: Saya Ikut Perintah Pusat | Harian Momentum https://t.co/haT1XDUoWP",ppkm level batal gubernur perintah pusat hari momentum
113,1468134012178681857,@CNNIndonesia Gini masih aja ada yg percaya pandemi ini serius? Ppkm aja yg netapin 1org seenak udelnya.,gin   percaya pandemi serius ppkm   netapin org enak udel
114,1468133997490302980,ppkm dibatalin :') males bgt hrs mandok hatta mau kabur aja wkwk,ppkm dibatalin males bgt hrs mandok hatta kabur  wkwk
115,1468133922009600003,"Terima kasih atas foto-foto tesmoni dan rekomendasi yang keren untuk Periplus! https://t.co/xYQNv50HyW 

Pesan Via Whatsapp: https://t.co/9TlzDInera

#PPKM #PeriplusPastiPeduliKaMu #Rekomendasyik #Happyreading #Desember #Promo1212 #harbolnas #SatuHariSatuBuku #bukuimpor https://t.co/vYdOTRlKOV",terima kasih foto foto tesmoni rekomendasi keren periplus pesan via whatsapp ppkm peripluspastipedulikamu rekomendasyik happyreading desember promo harbolnas satuharisatubuku bukuimpor
116,1468133903328112641,@KataBagoes peak. lalu ppkm. kita dah mau bobok lalu ppk dicabut. emang auk bener. mboh sembarang.,peak ppkm dah bobok ppk cabut emang auk bener mboh sembarang
117,1468133897682644992,@tvOneNews Corona nya pengen Natalan dulu jadi ngga PPKM https://t.co/gFgbEPFa8R,corona nya ken natal ngga ppkm
118,1468133743407685634,"@trqrsd Emang ga boleh muncak :) 
Kemaren mau naik ppkm lagi, skrg erupsi, asw",emang tidak muncak kemaren ppkm skrg erupsi asw
119,1468133737061707778,@pramudyaaa blg mau ppkm dik,blg ppkm dik
120,1468133733740032005,"Saat Libur Nataru, Jakarta Naik Status PPKM Level 3, Berlaku Selama 10 Hari  https://t.co/xRrlLlA24B",libur nataru jakarta status ppkm level laku
121,1468133714521587713,@marlina_idha Tar aja idul fitri ppkm level jungkir baliknya.,idha tar  idul fitri ppkm level jungkir balik
122,1468133684897193986,"Aturan Baru Perjalanan Libur Nataru Desember 2021, Setelah PPKM Level 3 Batal: Darat, Laut, dan Udara #PPKM #liburan 
https://t.co/c3h02itq7f",atur jalan libur nataru desember ppkm level batal darat laut udara ppkm libur
123,1468133671123111937,@liputan6dotcom Ini berita tidak selaras sama ppkm yg tak ada di nataru,berita selaras ppkm  nataru
124,1468133631621169153,"Ppkm Nataru dibatalkan katanya? 
Terus nanti orang orang liburan? 
Tiba tiba di awal tahun kasus copid meningkat seperti skenario lebaran kemarinüòÇ",ppkm nataru batal orang orang libur copid tingkat skenario lebaran kemarin
125,1468133482819842048,((PPKM)) https://t.co/Tf3E7WQ4l4,ppkm
126,1468133443724738563,Pemerintah memutuskan membatalkan penerapkan PPKM Level 3 pada periode Natal dan Tahun Baru 2022 (Nataru). Ini alasan dan aturan terbaru https://t.co/Kd83BMXSsF,perintah putus batal terap ppkm level periode natal nataru alas atur baru
127,1468133431204888578,"Pemerintah Batalkan PPKM Level 3 Nataru, Epidemiolog: Alasannya Kurang¬†Kuat https://t.co/U1Yp2jgU9q",perintah batal ppkm level nataru epidemiolog alas kuat
128,1468133426804965381,"Pemerintah Batalkan PPKM Level 3 Saat Nataru, Ini Aturan Penggantinya 
https://t.co/tTMeON4uKO via @mnews_id",perintah batal ppkm level nataru atur ganti via id
129,1468133408815542280,peningkatan level PPKM itu harus dihadapi dan dijalani untuk menekan penularan COVID-19 saat Natal dan Tahun Baru 2022. https://t.co/eLtdzRaTrg,tingkat level ppkm hadap jalan tekan tular covid natal
130,1468133314301071360,"Nataru, PPKM Level 3 dibatalkan. Sebagai Muslim, ada rasa ketidakadilan pada Pemerintah, nanti di bulan Mei atau Lebaran pasti PPKM level 4 dan Mudik dilarang. Hidup bertuhan, Allah tidak tidur, Allahu Akbar...",nataru ppkm level batal muslim ketidakadilan perintah mei lebaran ppkm level mudik larang hidup tuhan allah tidur allahu akbar
131,1468133277957382144,"Pemerintah Resmi Batalkan Penerapan PPKM Level 3 Serentak Saat Nataru

https://t.co/FhzQPTGTCv",perintah resmi batal terap ppkm level serentak nataru
132,1468133249058627586,ini natal beneran ga jadi ppkm ya? wkwk,natal beneran tidak ppkm ya wkwk
133,1468133237528563715,"Sobat Jatim, Presiden Joko Widodo akan meninjau sejumlah lokasi terdampak erupsi Gunung Semeru di Lumajang.
selengkapnya: https://t.co/15I09P3OSZ. #gunungsemeru #semeru #erupsisemeru sophia latjuba Dada Rumini Jennie #boikotJNE #PPKM #erupsi #banjir https://t.co/cZ8LeqNOkS",sobat jatim presiden joko widodo tinjau lokasi dampak erupsi gunung meru lumajang lengkap gunungsemeru meru erupsisemeru sophia latjuba dada rumin jennie boikotjne ppkm erupsi banjir
134,1468133218733809666,"Deuh udah siap beppkm ria, malah gak jadi

https://t.co/fRzPT2UXvu",deuh udah beppkm ria tidak
135,1468133213222563845,"Dewasa ini banyak keputusan yang direvisi, apakah menanamkan negara revisi. Sudahlah gimana baiknya saja. PPKM level 3 tidak jadi.",dewasa putus revisi tanam negara revisi gimana baik ppkm level
136,1468133175264043011,"nih tips nya yah kalo gk bisa check out di aplikasi PeduliLindungi semoga bisa membantu kalian selama pemberlakuan PPKM di masa pandemi 

#ProkesVaksinasiSolusiPandemi
#IkhtiarAtasiPandemi https://t.co/VRvHUGCbH3",nih tips nya yah kalo gk check out aplikasi pedulilindungi moga bantu laku ppkm pandemi prokesvaksinasisolusipandemi ikhtiaratasipandemi
137,1468133091801661442,"PPKM LEVEL 3 SERENTAK DIBATALKAN SAAT NATARU, LUHUT BEBERKAN PERATURANNYA https://t.co/T4nDrIo8d7 via @YouTube",ppkm level serentak batal nataru luhut kan atur via
138,1468133049678262274,Luhut: PPKM level 3 tak diterapkan secara merata https://t.co/tqJrjW4o91,luhut ppkm level terap rata
139,1468132999082381312,"Betul kata pak @MS_Didu 
PPKM dan penyekatan hanya berlaku untuk hari besar islam. 
Sudah gak heran... https://t.co/PvyTZIvHki",didu ppkm sekat laku islam tidak heran
140,1468132963799867392,"PPKM : Pemberlakuan Pembatasan Kegiatan Muslim.
kita lihat saja pas Idul Fitri wkkw",ppkm laku batas giat muslim lihat pas idul fitri wkkw
141,1468132936725581830,"Bukan PPKM Level 3, Tito Karnavian Sebut Pembatasan Kegiatan Masyarakat di Masa Nataru https://t.co/0HDGA72tLy",ppkm level tito karnavian batas giat masyarakat nataru
142,1468132889329995777,"#MiminShopeeKasihAlbumTXT  dan kasih diskon dunk 
biar beli di https://t.co/VmWS4hDJS5
#PSSday
PPKM
#indonesiauntuksemeru
justin bieber
Rumini
#mandirimenghidupi https://t.co/6QQbUB0IzZ",miminshopeekasihalbumtxt kasih diskon dunk biar beli pssday ppkm indonesiauntuksemeru justin bieber rumin mandirimenghidupi
143,1468132864814456833,Catat! Ini Aturan Perjalanan Nataru usai PPKM Level 3 Batal https://t.co/TMAwFlvqf3,catat atur jalan nataru ppkm level batal
144,1468132822019760128,"@geloraco parebut liang????

Viral Dipukul Prajurit TNI, Begini Kondisi Terkini Polwan Polda Kalteng Bripda TNS  |
Jokowi Desember Natal Cebong Jeha Dada Bobby Kadrun rumini Shopia PPKM Makassar #DudungDungu #banjir #DukungAniesPresiden2024 #gunungsemeru #BoikotJNE https://t.co/gdDi1tEcGv",parebut liang viral pukul prajurit tni kondisi kini polwan polda kalteng bripda tns jokowi desember natal cebong jeha dada bobby kadrun rumin shopia ppkm makassar dudungdungu banjir dukunganiespresiden gunungsemeru boikotjne
145,1468132819167707136,anjenk anjenkk udah ngebooking dijbran ternyata ppkm dibatalkan huftüò≠,anjenk anjenkk udah ngebooking dijbran ppkm batal huft
146,1468132755884158977,"""Wanita yang paling besar berkahnya ialah wanita yang paling mudah maharnya."" (HR. Ahmad, Al-Hakim dan Al-Baihaqi)

Tag pesan : Azzam PPKM Rumini Simon Putusin Nataru jungkook https://t.co/9VBG5EnKEr",wanita berkah wanita mudah mahar hr ahmad al hakim al baihaqi tag pesan azzam ppkm rumin simon putusin nataru jungkook
147,1468132707922104328,@ArabBara2 Awas ja nanti lebaran jadi ppkm lvel 90...,awas ja lebaran ppkm lvel
148,1468132698711465986,"@CNNIndonesia Nanti habis nataru kasus covid melonjak, akhirnya wajib booster, maka diadakan ppkm level 3 pas waktu lebaran idul fitri..dengan alasan kasus meningkat..ini pendapat saya ya..",habis nataru covid lonjak wajib booster ada ppkm level pas lebaran idul fitri alas tingkat dapat ya
149,1468132690406768641,"@CNNIndonesia Dibatalin dulu biar diagram positif naik, vaksin booster jalan, pcr jalan, setelah itu di ppkm lagi",dibatalin biar diagram positif vaksin booster jalan pcr jalan ppkm
150,1468132677286989825,"Sobat Jatim, Tim SAR gabungan terus melakukan pencarian korban yang tertimbun abu vulkanik Gunung Semeru. Pagi tadi ada 5 jenazah yang ditemukan.
selengkapnya: https://t.co/fWfJo0AiRQ. #gunungsemeru #semeru #erupsisemeru Rumini Jennie #boikotJNE #PPKM #erupsi #banjir https://t.co/ZwR1HC4i7S",sobat jatim tim sar gabung cari korban timbun abu vulkanik gunung meru pagi jenazah temu lengkap gunungsemeru meru erupsisemeru rumin jennie boikotjne ppkm erupsi banjir
151,1468132664926683136,NATARU Liburnya Tahun Masehi Nggak Jadi PPKM Level 3 Dan Di Undur Ke Bulan Mei Pas Idul Fitri Dan Berlaku Juga Saat Idul Adha.,nataru libur masehi nggak ppkm level undur mei pas idul fitri laku idul adha
152,1468132659213729793,"Jelang Nataru, Pemkot Tangerang Kembali Tingkatkan Operasi Malam untuk Tertibkan Masyarakat

PPKM | Nataru

Baca Selengkapnya‚¨áÔ∏è
https://t.co/DLihZ1IVxz",jelang nataru pemkot tangerang tingkat operasi malam tertib masyarakat ppkm nataru baca lengkap
153,1468132624774283264,PPKM HANYA BERLAKU UNTUK HARI HARI BESAR ISLAM https://t.co/nolssgJkeV,ppkm laku islam
154,1468132543929065472,"tetap pakai masker, jaga jarak, menghindari kerumunan, bijak bepergian.
#TetapMenjagaProkes
https://t.co/U7uqWggQgx",pakai masker jaga jarak hindar kerumun bijak pergi tetapmenjagaprokes
155,1468132537641750529,"Implementasi kebijakan tersebut mencakup upaya mendorong pemerintah daerah memastikan masyarakat terus disiplin protokol kesehatan dan menahan mobilitas selama libur Natal 2021 dan Tahun Baru 2022. #TetapMenjagaProkes
https://t.co/U7uqWggQgx",implementasi bijak cakup upaya dorong perintah daerah masyarakat disiplin protokol sehat tahan mobilitas libur natal tetapmenjagaprokes
156,1468132531711086592,"Hal ini harus kita waspadai, apalagi mengingat sebentar lagi kita akan memasuki periode liburan Natal dan Tahun Baru, #TetapMenjagaProkes
https://t.co/U7uqWggQgx",waspada sebentar pasuk periode libur natal tetapmenjagaprokes
157,1468132525222424576,"Pada periode 15 - 21 November 2021, lebih dari 91 persen orang terpantau mematuhi aturan menjaga jarak dan menghindari kerumunan. #TetapMenjagaProkes
https://t.co/U7uqWggQgx",periode november persen orang pantau patuh atur jaga jarak hindar kerumun tetapmenjagaprokes
158,1468132524589084674,"Kenapa Kental Manis tidak sama dengan Susu Murni?

#balitasehat #BPOM #Kemenkes #Kemensos #Deputi3badanpom #SusuKentalManis #KentalManisJanganDiseduh #KentalManis #BalitaSehat #SahabatBPOM #SeputarBPOM #PPKM #banjir https://t.co/qDKOgRdrJE",kental manis susu murni balitasehat bpom kemenkes kemensos deputi badanpom susukentalmanis kentalmanisjangandiseduh kentalmanis balitasehat sahabatbpom seputarbpom ppkm banjir
159,1468132510911451136,PPKM level 3 dibatalkan jadinya boleh niih jalan2. Keliling jateng ama jatim kliatnya boleh !;!;!,ppkm level batal niih jalan keliling jateng ama jatim kliatnya
160,1468132498647384065,@tvOneNews ppkm tra jd hore,ppkm tra jd hore
161,1468132491533774848,Mumpung ppkm lv 3 dibatalin huhu,mumpung ppkm lv dibatalin huhu
162,1468132393101844481,@marlina_idha PPKM level 3 s/d 1 pas lebaran. ü§£,idha ppkm level s d pas lebaran
163,1468132309027094529,"@AboutTNG Ada apa di batalkan nyh ppkm level 3, atau ada udang di balik batu. ??",batal nyh ppkm level udang batu
164,1468132301351518209,ppkm akhir tahun jadi ada ngga?,ppkm ngga
165,1468132291654434821,"@jokowi Assalamu'alaikum wrwb pak jokowi,penerapan PPKM pd saat NAtaru hrs dilakukan,krn siapa yg bs mnjamin indonesia bebas dr covid 19.jng hnya pd saat Perayaan Idul fitri&amp;Idul Adha saja diberlakukan PPKM.hrus adil utk seluruh rakyat indonesia#SalamInspirasiIndinesia",assalamu alaikum wrwb jokowi terap ppkm pd nataru hrs krn  bs mnjamin indonesia bebas  covid jng hnya pd raya idul fitri amp idul adha laku ppkm hrus adil utk rakyat indonesia salaminspirasiindinesia
166,1468132283567669249,Ppkm batal???,ppkm batal
167,1468132231105298432,@pitasuar2 Gajadi ppkm to üòÖ,gajadi ppkm to
168,1468132209118744576,"PPKM level 3 batal???ü§î berarti liburan harus gasss dong?

Alamat bengkel
üè† Jl. Deandles Jalan Dringu Probolinggo 
Timur TWSl sebelah Utara Jalan

Follow dulu akun @bengkelkenzo_probolinggo

Atau klik link instagram di bawah ini : https://t.co/GUx8R5hPSZ https://t.co/V9Njj6P5AH",ppkm level batal libur gasss alamat bengkel jl deandles jalan dringu probolinggo timur twsl belah utara jalan follow akun probolinggo klik link instagram
169,1468132003320979457,PPKM level 3 batal atau tdk jadi di berlakukan karena tdk bertepatan dengan hari hari besarnya umat  Islam yang biasanya selama selalu di berlakukan .,ppkm level batal tdk laku tdk tepat besar umat islam laku
170,1468131958878138371,"@efenerr Jadi, keputusan PPKM ditentukan masing-masing provinsi. Karena pada kenyataannya, tidak semua berada di level PPKM yang sama. Ya, Anies mungkin mau semuanya aman, jadi, untuk DKI dia memilih PPKM level 3",putus ppkm tentu provinsi nyata level ppkm ya anies aman dki pilih ppkm level
171,1468131943116001290,gak jadi ppkm pasti karena pemerintah lagi gak mood,tidak ppkm perintah tidak mood
172,1468131937457827840,PPKM level 3 batal dan acaranya terlanjur dicancel semua ü§£ü§£ü§£,ppkm level batal acara lanjur dicancel
173,1468131930117836801,Anggota Komisi IX DPR Kurniasih Mufidayati menyebut pembatalan PPKM Level 3 saat Nataru malah akan menimbulkan masalah. #kumparanNEWS https://t.co/Olq5M1QqDS,anggota komisi ix dpr kurniasih mufidayati sebut batal ppkm level nataru timbul kumparannews
174,1468131920542420992,"PPKM Level 3 batal diterapkan akhir tahun, mengapa pemerintah terkesan labil menetapkan kebijakan?

https://t.co/XBtR36DoZq",ppkm level batal terap perintah kes labil tetap bijak
175,1468131886694236161,"PPKM batal atau tidak. Yang penting jangan korbankan waktu istirahat anak2, guru dan orang tua. Perketat penerbangan luar negeri yang mau masuk. Klo ada varian baru yg diperketat yg didalem, tp luarnya jojong masuk percuma",ppkm batal korban istirahat anak guru orang tua ketat terbang negeri masuk klo varian  ketat  dalem tp luar jojong masuk
176,1468131814480900097,@detikcom Agak plin plan tapi untunglah kebijakan ppkm dicabut,plin plan untung bijak ppkm cabut
177,1468131805949677570,"@idtodayco Akhir tahun pulih, ntr di maret pas puasa bakval ppkm lg dgn alasan kasus melonjak. Sudah kasar kali main di kau fergusoü§î",pulih ntr maret pas puasa bakval ppkm lg dgn alas lonjak kasar kali main kau ferguso
178,1468131778359562240,@CNNIndonesia Pemberlakuan Pelarangan Kami Mudik (PPKM) hanya berlaku bagi kami yang Islam. Mungkin kami ngontrak tinggal di NKRI,laku larang mudik ppkm laku islam ngontrak tinggal nkri
179,1468131722315268100,"@CNNIndonesia Hrus adil dunk utk mencegah pnyebaran covid 19.pada wkt perayaan besar hari agama islam, Idul fitri dan Idul Adha dilaksanakan PPKM..",hrus adil dunk utk cegah pnyebaran covid wkt raya agama islam idul fitri idul adha laksana ppkm
180,1468131708050366466,ppkm kan batal‚Ä¶ BISA GAA LIBURAN KITA BALIKIN?? Masa gw sekolah sampe tahun baru,ppkm batal gaa libur balikin gw sekolah sampe
181,1468131693152268289,PPKM batal. Tiket makin mahal ga?,ppkm batal tiket mahal tidak
182,1468131631139471361,"Alhamdulillah segera diumumkan bersama oleh Rois Am, Katib Am, Ketum dan Sekjen PBNU bhw sesudah pencabutan PPKM level 3, Muktamar akan dilaksanakan sesuai hasil Munas dan Konbes yg lalu, yaitu tgl 23 Desember 2021.
#MuktamarNU2021 #MuktamarNU34 #lampung",alhamdulillah umum rois am katib am tum sekjen pbnu bhw cabut ppkm level muktamar laksana sesuai hasil munas konbes  tgl desember muktamarnu muktamarnu lampung
183,1468131615993786368,"Seperti air di atas daun talas. Tapi daun talasnya sudah di ekspor ke Australia, pengganti tembakau.... wah untuk udud.

Sophia Latjuba Dada Paha Idul Fitri PPKM Nataru #banjir Makassar #JNEMajuIndonesia #Cawapres2024 

https://t.co/YDgVXIEvjn",air daun talas daun talas ekspor australia ganti tembakau udud sophia latjuba dada paha idul fitri ppkm nataru banjir makassar jnemajuindonesia cawapres
184,1468131608402169856,nanti abis nataru naik lagi tuh kasus covid trus dampaknya di idul fitri trus ppkm level 100 kali ya ntar? mueheh https://t.co/krFZ2djat9,abis nataru tuh covid trus dampak idul fitri trus ppkm level kali ya ntar mueheh
185,1468131578752630786,Ppkm level 3 nya jadi ga sih.. apakabar mau jelong2 tahun baru. Terancamü•∫,ppkm level nya tidak sih apakabar jelong ancam
186,1468131545504440323,"PPKM Level 3 Serempak Batal saat Nataru, Syarat Perjalanan Diperketat, Kerumunan Maksimal 50 Orang, Berikut Peraturan Lainnya https://t.co/wBbnEXDzuq",ppkm level serempak batal nataru syarat jalan ketat kerumun maksimal orang atur
187,1468131521001234433,"Udan enak ngopo
#‡πÇ‡∏≠‡πÑ‡∏°‡∏Ñ‡∏£‡∏≠‡∏ô 
#Goku 
#PPKM https://t.co/IyrUHd5T56",udan enak ngopo goku ppkm
188,1468131485655842817,"Ppkm jare batal tapi gak oleh cuti, podo ae sob.",ppkm jare batal tidak cuti podo ae sob
189,1468131434569207813,"Dah terbukti kan, yang pengen penyekatan itu si mentri Mentri itu, yang doyan banget berbisnis dan mengharapkan hibah2 dari kondisi skrg ini.
.
Akhirnya Pak Presiden langsung yang tegaskan tidak perlu PPKM.
.
#PPKM #Indonesia #BangkitBersama #lawanaturanbodoh",dah bukti ken sekat si tri tri doyan banget bisnis harap hibah kondisi skrg presiden langsung tegas ppkm ppkm indonesia bangkitbersama lawanaturanbodoh
190,1468131425463398400,"#MiminShopeeKasihAlbumTXT  dan kasih diskon dunk 
biar beli di https://t.co/VmWS4hDJS5
#PSSday
PPKM
#indonesiauntuksemeru
justin bieber
Rumini
#mandirimenghidupi https://t.co/IUfk6HGCaG",miminshopeekasihalbumtxt kasih diskon dunk biar beli pssday ppkm indonesiauntuksemeru justin bieber rumin mandirimenghidupi
191,1468131377048522757,"indonesia ini aneh, kemarin marah marah karna diberlakukan ppkm level 3 pas natal dan tahun baru. sekarang udah dibatalkan, ngomen semoga lebaran gk diberlakukan ppkm. kalo gk mendoakan, angka covid makin tinggi. apa sih maunya?",indonesia aneh kemarin marah marah karna laku ppkm level pas natal udah batal ngomen moga lebaran gk laku ppkm kalo gk doa angka covid sih mau
192,1468131296773763073,"@republikaonline Ktka perayaan dirinya, tdk jd ppkm?",ktka raya tdk jd ppkm
193,1468131189722517510,"PPKM Level 3 Batal, Ini Aturan Perjalanan Darat saat Libur Nataru https://t.co/esmMlPAxfj",ppkm level batal atur jalan darat libur nataru
194,1468131141169610752,@marlina_idha PPKM pas lebaran saja  diterapkan itu baru hebat üòÄüòÄüòÄ,idha ppkm pas lebaran terap hebat
195,1468131119371481088,Mudah mudahan akhir tahun ga ppkm tapi ga mungkin si. Gapapa ppkm asalkan pelabuhan ttp buka plisüò´,mudah mudah tidak ppkm tidak si gapapa ppkm labuh ttp buka plis
196,1468131104032911362,Dada paha sayap rumini PPKM ‚òï https://t.co/l3ZTtxqfHp,dada paha sayap rumin ppkm
197,1468130968066093059,"pemerintah ba prank leh, rangorang sudah ba kasih habis cuti karna katanya akhir tahun mau ppkm level 3, eh batal ü§£",perintah ba prank leh rangorang ba kasih habis cuti karna ppkm level eh batal
198,1468130815619919872,"PPKM Level 3 Batal, Kasus Covid-19 Bakal Naik Usai Nataru? https://t.co/YDqSNXfs4O",ppkm level batal covid nataru
199,1468130803553120261,"Luhut Batalkan PPKM Level 3 Nataru, Pesta Tahun Baru Tetap Dilarang https://t.co/aCS6U5sDZP",luhut batal ppkm level nataru pesta larang
200,1468130786796871681,"Pemerintah Batal Terapkan PPKM Level 3 saat Libur Nataru, Begini Tanggapan Epidemiolog https://t.co/pKZ1CScJGN",perintah batal terap ppkm level libur nataru tanggap epidemiolog
201,1468130766953455620,"PPKM gajadi, karantina jadi 3 hari lg yuk pak üòÖ",ppkm gajadi karantina lg yuk
202,1468130754227937280,"@tvOneNews Ntar ppkm level 3 ny di pindah aja pas ramadhan idul fitri, dah kebayang sih...",ntar ppkm level ny pindah  pas ramadhan idul fitri dah bayang sih
203,1468130746988699655,"PPKM Level 3 Nataru Dibatalkan, Covid-19 Dinilai¬†Terkendali https://t.co/bfS2fnXSak",ppkm level nataru batal covid nilai kendali
204,1468130718937083905,"Pemerintah pada Senin (6/12) memutuskan untuk tidak menerapkan PPKM level atau tingkat 3 pada periode Natal 2021 dan Tahun Baru 2022 secara merata pada semua wilayah, melainkan menerapkan sejumlah pengetatan. https://t.co/gVHTAT4UmM",perintah senin putus terap ppkm level tingkat periode natal rata wilayah terap ketat
205,1468130690575175686,Sida PPKM level 3 ga iki? Sini ngmong nggak sana ngomong iya.,sida ppkm level tidak iki ngmong nggak ngomong iya
206,1468130680273993729,"PPKM Level 3 Nataru Batal, DPR: Pemerintah Tak Lakukan Kajian Matang https://t.co/k2hj66oamv",ppkm level nataru batal dpr perintah laku kaji matang
207,1468130658643894273,"[PROMO] Desember Jadi Baik! Aamin. 

Ada Promo baru bulan depan nih. Cek pinned tweet buat caranya.

Bantu juga kuesioner sobat kita ya...

https://t.co/li9blThQnV
 
Terima kasih
#titipsurvei Paha Nataru Dada PPKM Rumini Bobby Kepencet Idul Fitri https://t.co/G12IU9j6RS",promo desember aamin promo nih cek pinned tweet bantu kuesioner sobat ya terima kasih titipsurvei paha nataru dada ppkm rumin bobby pencet idul fitri
208,1468130618957451264,@wripzzz ppkm,ppkm
209,1468130614184341505,"Pemerintah Batalkan Penerapan PPKM Level 3 saat Nataru, Ini Gantinya‚Ä¶&gt;&gt; https://t.co/HGDkPkfCuc",perintah batal terap ppkm level nataru ganti gt gt
210,1468130577584824322,"@tvOneNews Kl tdk mau dibilang plin plan ya sdh kl sdh tetapkan PPKM L3 ya sdh dijalankan, jgn dibatalkan masalah covid mereda sangat DISYUKURI tapi bukan berarti terus batalkan PPKM L3 yg sdh ditetapkan. Mana ""bos"" nya ini, bicara dong.Ntar kl kasus covid melonjak mencari ""kambing hitam"".",kl tdk bilang plin plan ya sdh kl sdh tetap ppkm l ya sdh jalan jgn batal covid reda syukur batal ppkm l  sdh tetap bos nya bicara ntar kl covid lonjak cari kambing hitam
211,1468130570609643520,"@tirta_cipeng PPKM Level 3 nya disimpan dulu, mungkin bwt bulan puasa - lebaran tahun depan dok.  Mungkin lhoh ya mungkin‚Ä¶",cipeng ppkm level nya simpan bwt puasa lebaran dok lhoh ya
212,1468130570450268161,"https://t.co/Wl0BCjvk93 

PPKM Rumini Sophia Latjuba
Makassar  #IndonesiaUntukSemeru
Nataru",ppkm rumin sophia latjuba makassar indonesiauntuksemeru nataru
213,1468130568130883585,"@__enmity @Chouxuettish Ga jadi PPKM, jadinya ppk m.",enmity tidak ppkm ppk m
214,1468130568021835776,"Untuk acara-acara kerumunan masyarakat yang diizinkan berjumlah maksimal 50 orang, pertandingan olahraga tetap tanpa penonton, dan operasional pusat perbelanjaan, restoran, bioskop juga dibatasi hanya 75 persen (dari total kapasitas). #ppkm 
https://t.co/XsNRzGcKss",acara acara kerumun masyarakat izin maksimal orang tanding olahraga tonton operasional pusat belanja restoran bioskop batas persen total kapasitas ppkm
215,1468130412841082883,"Bandarlampung Tetap Terapkan PPKM Level 3 Saat Nataru
https://t.co/sLvoGX8ezM",bandarlampung terap ppkm level nataru
216,1468130384101756934,PPKM level 3 se-Indonesia periode Nataru dibatalkan. Pihak Kemenkes mengatakan kebijakan tersebut sudah didiskusikan dengan para ahli epidemiologi. https://t.co/SX7mtKGmgR,ppkm level indonesia periode nataru batal kemenkes bijak diskusi ahli epidemiologi
217,1468130319555387392,Kepala Staf Kepresidenan Moeldoko menjelaskan alasan pemerintah membatalkan rencana penerapan PPKM Level 3 serentak di seluruh wilayah saat periode Natal dan Tahun Baru. https://t.co/xLx9CPpbNS,kepala staf presiden moeldoko alas perintah batal rencana terap ppkm level serentak wilayah periode natal
218,1468130270918299650,"Kenapa mesti disebutin namanya terusss? 

Sophia latjuba #KadrunHamaNKRI paha #BoikotJNE #banjir ppkm https://t.co/ddS7t98vY0",mesti disebutin nama terusss sophia latjuba kadrunhamankri paha boikotjne banjir ppkm
219,1468130244884242432,@Markonah_003 PPKM lepel3 nye diundur ke bulan apri kalo ga bulan may omü§£ü§£,ppkm lepel nye undur apri kalo tidak may om
220,1468130231286259712,"@kumparan Indikasi PPKM itu politis...
Bisa diterapkan kapan saja  sesuai kepentingan dan selera penguasa...",indikasi ppkm politis terap sesuai penting selera kuasa
221,1468130199816581123,Pemerintah lewat Menko Marves memastikan kebijakan PPKM Level 3 Nataru di seluruh wilayah Indonesia dibatalkan. Kira-kira setuju atau nggak detikers? https://t.co/Cs6G6exPY0,perintah menko marves bijak ppkm level nataru wilayah indonesia batal tuju nggak detikers
222,1468130186600321026,"PPKM Level 3 Serentak Libur Nataru Dibatalkan, Pemerintah Lebih Perketat Syarat Perjalanan dan Perayaan https://t.co/3326bO9WET",ppkm level serentak libur nataru batal perintah ketat syarat jalan raya
223,1468130168510181376,"@tvOneNews Positif thinking aja karena katanya populasi orang yg sdh vaksin dosis 1 diatas 70%, nanti kalau lebaran ditetapkan ppkm baru maki2 si opung",positif thinking  populasi orang  sdh vaksin dosis atas lebaran tetap ppkm maki si opung
224,1468130165171519489,"@delliAmin @AlipWre @tvOneNews He bujang... kalo memang karena vaksin udah 80% yg jd alasan, yaudah sekalian aja cabut PPKM. Udah biarkan semua berjalan normal seperti biasa ajg",he bujang kalo vaksin udah  jd alas yaudah  cabut ppkm udah biar jalan normal ajg
225,1468130153058353157,"Natal &amp; tahun baru gak jadi Ppkm, semoga pas Idul Fitri tahun depan juga gak ada larangan mudik lebaran ya pak Luhut !",natal amp tidak ppkm moga pas idul fitri tidak larang mudik lebaran ya luhut
226,1468130141960245248,"@CilokaMan @tvOneNews Saya percaya Non-muslim gak memulai congor dulu.
Mau PPKM mau kagak, urusan untuk hari raya bukan sebuah hal yang di Agungkan.
Seheboh apa Natal di negeri ini?
See, sekali sepi ya sepi.
Minoritas pula, ibadah kadang di ganggu.
Apalagi sok-sokan jadi dewa.
Minta aja, ada PPKM.",percaya non muslim tidak congor ppkm kagak urus raya agung heboh natal negeri see sepi ya sepi minoritas ibadah kadang ganggu sok sok dewa  ppkm
227,1468130046405611521,"Sprti aku, tau diri PPKM atau engga... Aku tetep diem di rumah. üôÉ https://t.co/GuNne6I5VI",sprti tau ppkm tidak tetep diem rumah
228,1468130046292361216,"Wali Kota Pekanbaru, Firdaus mengimbau masyarakat agar tetap waspada serta tetap menjalankan protokol kesehatan.

Ia menyebut bahwa tim satgas bakal membahas kelanjutan PPKM di Kota Pekanbaru pada hari ini untuk kembali turun level.",wali kota pekanbaru firdaus imbau masyarakat waspada jalan protokol sehat sebut tim satgas bahas lanjut ppkm kota pekanbaru turun level
229,1468129993599307778,"BREAKING NEWS 

Pemerintah batal menerapkan aturan pemberlakuan pembatasan kegiatan masyarakat (PPKM) Level 3 untuk seluruh wilayah Indonesia pada periode Natal dan Tahun Baru. https://t.co/wDl5CDm6E2",breaking news perintah batal terap atur laku batas giat masyarakat ppkm level wilayah indonesia periode natal
230,1468129969691774976,"@tvOneNews Repot musuh bani yg curigaan dan nyimpan sakit hati serta kebencian yg akut. Di terapkan ppkm salah, gak di terapkan salah. Gak ada obat ü§≠üòÄüòÇ",repot musuh bani  curiga nyimpan sakit hati benci  akut terap ppkm salah tidak terap salah tidak obat
231,1468129961995161600,"PPKM Level 3 Nasional Batal Diterapkan, Antibodi Covid-19 Masyarakat Tinggi Jadi Salah Satu Alasan
 
https://t.co/uYz3r7WTkc lewat @wartakotalive",ppkm level nasional batal terap antibodi covid masyarakat salah alas
232,1468129950368559108,@SantorinisSun Awas aja nanti kalau sampai lebaran ada ppkm dengan alasan warga yang belum vaksin dosis 3.,awas  lebaran ppkm alas warga vaksin dosis
233,1468129921864122369,"Kota Pekanbaru menjadi satu dari enam daerah di Provinsi Riau yang masuk PPKM level 2.

Kota Pekanbaru menerapkan PPKM level 2 bersama Kabupaten Bengkalis, Kabupaten Indragiri Hilir, Kabupaten Siak, Kabupaten Kuantan Singingi, dan Kota Dumai.",kota pekanbaru enam daerah provinsi riau masuk ppkm level kota pekanbaru terap ppkm level kabupaten bengkal kabupaten indragiri hilir kabupaten siak kabupaten antan singingi kota dumai
234,1468129843871031299,PPKM batal juga mamah tetep susah balik ga dikasih cuti :),ppkm batal mamah tetep susah tidak kasih cuti
235,1468129835394363395,"PPKM Level 1 berakhir Senin (6/12/2021) kemarin, Kota Pekanbaru kembali naik level ke PPKM level 2 selama dua pekan hingga 23 Desember 2021 mendatang sesuai hasil evaluasi tim satgas nasional.

Sumber: https://t.co/lL09gL2iP2
#infoPKU #Pekanbaru #ppkmpekanbaru https://t.co/SkJBzNkmsb",ppkm level senin kemarin kota pekanbaru level ppkm level pekan desember sesuai hasil evaluasi tim satgas nasional sumber infopku pekanbaru ppkmpekanbaru
236,1468129822966640641,Nanti klau idul Fitri baru PPKM level 3..klau skrg jgn lah ntr pada ga bisa natalan di gereja lagi..klau umat Islam lebaran baru di suruh pada di rumah..jgn silaturahmi..lama2 jadi negara komunis yg mayoritas rasa minoritas yg minoritas rasa mayoritas.. https://t.co/XstxVBCbNs,klau idul fitri ppkm level klau skrg jgn ntr tidak natal gereja klau umat islam lebaran suruh rumah jgn silaturahmi negara komunis  mayoritas minoritas  minoritas mayoritas
237,1468129820076752898,@CNNIndonesia Yg mau pulkam segera sekarang...nanti pas lebaran lu udah di PPkm lagi, pulkam pas lebaran lu udah ppkm
238,1468129755488686081,"Sambut Batalnya PPKM Level 3, Ekonomi Akhir Tahun Berpotensi Pulih  https://t.co/VbliqIosaX",sambut batal ppkm level ekonomi potensi pulih
239,1468129718528405504,"ini jdnya ada ppkm atau ngga sih anjir, pemerintah labil",jdnya ppkm ngga sih anjir perintah labil
240,1468129712945827846,@marlina_idha Rupanya orang Islam numpang di negeri ini. Buktinya sudah 2 periode PPKM diterapkan ketika Hari Besar Islam.,idha orang islam numpang negeri bukti periode ppkm terap islam
241,1468129678892359680,"Pemerintah Batal Terapkan PPKM Level 3 Libur Nataru, Diganti¬†Pengetatan https://t.co/QtrCAVP7Op",perintah batal terap ppkm level libur nataru ganti ketat
242,1468129582922575872,Pemerintah lewat Menko Marves memastikan kebijakan PPKM Level 3 Nataru di seluruh wilayah Indonesia dibatalkan. Kira-kira setuju atau nggak detikers? https://t.co/AVEFUCOq8V,perintah menko marves bijak ppkm level nataru wilayah indonesia batal tuju nggak detikers
243,1468129570586914818,"Pemerintah Batalkan Penerapan PPKM Level 3 Jelang Nataru, Syarat Perjalanan Tetap¬†Diperketat https://t.co/6V1lAKCunD",perintah batal terap ppkm level jelang nataru syarat jalan ketat
244,1468129548185182209,"Selain itu, kata Moeldoko, pelaku perjalanan jarak jauh wajib menunjukkan hasil tes negatif Covid-19, baik melalui PCR atau antigen. https://t.co/Wvox0lxRLh",moeldoko laku jalan jarak wajib hasil tes negatif covid pcr antigen
245,1468129540656357376,"Namun menurut Oded, sejumlah pembatasan dan penyekatan itu sudah menjadi regulasi. Sehingga dengan adanya pembatalan dari pemerintah pusat itu, pihaknya akan mengkaji terlebih dahulu. https://t.co/JEnY7y7uIP",oded batas sekat regulasi batal perintah pusat kaji
246,1468129538445955076,Tito Ungkap Alasan PPKM Level 3 Batal: Presiden Tak Ingin Penyekatan https://t.co/i6jlMs10MO,tito alas ppkm level batal presiden sekat
247,1468129475716022272,Et ppkm dicabut ya?,et ppkm cabut ya
248,1468129435186446336,Rupanya Ini Alasan Pemerintah Batalkan Penerapan PPKM Level 3 Pada Libur Nataru https://t.co/KaGbxGBbDc,alas perintah batal terap ppkm level libur nataru
249,1468129294316556291,ini libur sekolah jadinya gmn deh ppkm kan dibatalin,libur sekolah gmn deh ppkm dibatalin
250,1468129181548494850,"""Ppkm di akhir tahun dibatalkan"".
.
*brb, ngecek tiket kereta*
... *sold*....",ppkm batal brb ngecek tiket kereta sold
251,1468129147432026113,"Tetap ppkm salah, dibatalin dibilang pula inkonsistensi. Mau lu apa sih beruk bambu? https://t.co/ue2tPCROSu",ppkm salah dibatalin bilang inkonsistensi lu sih beruk bambu
252,1468129118134968321,"Kebijakan PPKM level 3 di semua daerah saat Nataru batal diterapkan. Meski begitu, kebijakan crowd free night di Jakarta saat malam tahun baru tetap berlaku. https://t.co/s3Yjm02yHG",bijak ppkm level daerah nataru batal terap bijak crowd free night jakarta malam laku
253,1468129107288416263,Luhut Binsar Pandjaitan memutuskan untuk tidak melakukan penerapan PPKM Level 3 khusus Natal dan Tahun Baru. Ini aturan terbarunya: https://t.co/CHP8fb1nxl,luhut binsar pandjaitan putus terap ppkm level khusus natal atur baru
254,1468129044562526208,@sapulebu99 @ElfizaEnny ü§≠ yg jelas bancret kehilangan job klo ppkm, bancret hilang job klo ppkm
255,1468129024442441730,"Moeldoko: PPKM tingkat 3 batal bentuk kebijakan ""gas-rem"" presiden - ANTARA News Bengkulu https://t.co/16LAmVpw9J",moeldoko ppkm tingkat batal bentuk bijak gas rem presiden news bengkulu
256,1468128927226892288,"Kok GBLK ya, nanti giliran melonjak lagi kek di Jerman akibat mobilisasi massa akhirnya PPKM lagi, dah bagus antisipasi lah kok malah inkonsistensi, sungguh mengecewakan

Gue curiga ada unsur pilih kasih, apalagi nanti plot twist-nya pas idul Fitri dilarang mudik, sungguh BGST https://t.co/XdSqO5Gz6y",gblk ya gilir lonjak kek jerman akibat mobilisasi massa ppkm dah bagus antisipasi inkonsistensi sungguh kecewa gue curiga unsur pilih kasih plot twist nya pas idul fitri larang mudik sungguh bgst
257,1468128900655976448,"@L1zzyCrazy Kita si nurut2 aja mo ppkm Monggo, mo GK ya tambah gak papa, belajar menghargai keputusan pemerintah, sapa lagi kalo gak kita yg menghargai",si nurut  mo ppkm monggo mo gk ya tidak papa ajar harga putus perintah sapa kalo tidak  harga
258,1468128885514530816,@yanuariant Untuk KCP Rawasari jam operasional 08:15-14:00 waktu setempat (Daerah PPKM level 2-4). :) Tks ^Sina,kcp rawasari jam operasional daerah ppkm level tks sina
259,1468128822826389508,Pemerintah membatalkan pelaksanaan PPKM Level 3 di seluruh wilayah Indonesia saat libur Nataru. Bagaimana komentar anda?,perintah batal laksana ppkm level wilayah indonesia libur nataru komentar
260,1468128768896032773,@yanuariant Untuk KCP Rawasari Jam operasional 08:15-14:00 waktu setempat (Daerah PPKM level 2-4). :) Tks ^Sina,kcp rawasari jam operasional daerah ppkm level tks sina
261,1468128740400009216,"Pemerintah Batalkan PPKM Level 3 Nataru, Pelaku Wisata Gembira - https://t.co/sAKttQwuFg https://t.co/CdcsqDnMHX",perintah batal ppkm level nataru laku wisata gembira
262,1468128738516762624,"@ElfizaEnny Awas ya nanti kalo hari besar islam diginikan,, dan gl dibatalkan brrti apa yg slama ini dipikiran jadi bener adanya,,, sbtlnya saya sih seneng2 saja slamanya gk usah ada ppkm lagi sama saja mau ppkm mau gk mau vaksin mau gk gk ngefek,,, kecuali berita yg buat ngefek",awas ya kalo islam diginikan gl batal brrti  slama pikir bener sbtlnya sih neng slamanya gk ppkm ppkm gk vaksin gk gk ngefek kecuali berita  ngefek
263,1468128700818358276,"Pemrentah membatalkan aturan PPKM Level 3 Saat Nataru (natal &amp; taon baru)
Tapi tetep ada aturan Penggantinya...lebih lunak sih 

https://t.co/yFsneqRyxg",pemrentah batal atur ppkm level nataru natal amp taon tetep atur ganti lunak sih
264,1468128608174571522,"Sebagai kaum Minoritas di Negara ini tidak masalah jika PPKM dilakukan saat Natal, kami mah ngikut aja :) ya kalo pemerintah membatalkan PPKM kita dukung dengan tetap menerapkan protokol kesehatan yg ketat saat perayaan Natal nanti ;)",kaum minoritas negara ppkm natal mah ngikut  ya kalo perintah batal ppkm dukung terap protokol sehat  ketat raya natal
265,1468128605263724546,Kok PPKM dibatalin pas natal pada marah huhu gapaham üòÇ,ppkm dibatalin pas natal marah huhu gapaham
266,1468128538414882816,"‚úø We Tv Vip
Sharing 
1 bulan : 12k
3 bulan : 15k
1 Tahun : 30k

Private 
1 bulan : 25k
3 bulan : 60K
1 Tahun : 170K

T. PPKM Rumini Sophia Latjuba",we tv vip sharing k k k private k k k t ppkm rumin sophia latjuba
267,1468128500351574016,"@subschfess jangan gini juga plis, covid nanti naik lagi, mending pertahanin ppkm dan tetep dirumah tp tetep libur..",gin plis covid mending pertahanin ppkm tetep rumah tp tetep libur
268,1468128469770854400,"Pemerintah batal terapkan PPKM Level 3 untuk semua wilayah saat Natal dan Tahun Baru.

Sudah kuduga.

Kalau kelak Pemerintah terapkan PPKM Level 3 untuk semua wilayah di saat Lebaran.

Sudah biasa.",perintah batal terap ppkm level wilayah natal duga kelak perintah terap ppkm level wilayah lebaran
269,1468128446748393472,"Covid yang penuh pengertian... üôÑ

*Semoga Covid beneran segera usai... üôè
https://t.co/hd4PxAYr81",covid penuh erti moga covid beneran
270,1468128363386531840,"yang bikin hati galau:
1. gaji belum naik ‚ùé
2. doi belum jawab perasaanmu ‚ùé
3. ppkm ‚úÖ",bikin hati galau gaji doi asa ppkm
271,1468128357866823687,@VIVAcoid Pas idul fitri biar langsung ppkm level 999,pas idul fitri biar langsung ppkm level
272,1468128353295110148,"Udah izin ortu jauh"" Hari buat liburan bareng orang kantor, trus rame di berita erupsi, banjir, ppkm dan sebagainya. 
Ibuk : ""Wes gk usah liburan mbak, di rumah aja berbakti pada orang tua"" 
Ayah : ""nah bener iku""
Aku : mikir dalam hati ""kapan aku gak berbaktine??""
Adek : ngakak",udah izin ortu libur bareng orang kantor trus rame berita erupsi banjir ppkm ibuk wes gk libur mbak rumah  bakti orang tua ayah bener iku mikir hati tidak berbaktine adek ngakak
273,1468128311654195204,SUKSES Pemerintah Kabupaten (Pemkab) Cirebon melalui Dinas Kesehatan (Dinkes) dalam penanggulangan penyebaran Covid-19 patut diapresiasai. Hal tersebut dikarenakan capaian yang menjadi target https://t.co/GspDbtp855,sukses perintah kabupaten pemkab cirebon dinas sehat dinkes tanggulang sebar covid patut diapresiasai capai target
274,1468128280951750657,@Adjie29962156 @tvOneNews udah gitu klo pas lebaran dijamin berlaku ppkm level 4 klo bisa level 5 sampe 10 dengan aturan buat pemudik yg bejibun üò≠üò≠üò≠,udah gitu klo pas lebaran jamin laku ppkm level klo level sampe atur mudik  bejibun
275,1468128224404148225,@mashudiarizal amaksudnya entar akhir taun.... kan gajadi ppkm ü§©,amaksudnya entar taun gajadi ppkm
276,1468128198491881474,"Menjelang libur Natal dan Tahun Baru (Nataru) 2022, pemerintah tidak lagi menerapkan kebijakan PPKM level 3. Mereka telah menetapkan kebijakan berikut ini. https://t.co/rEWKJ7NEJk",jelang libur natal nataru perintah terap bijak ppkm level tetap bijak
277,1468128178992517121,Pemerintah Tak Jadi Terapkan PPKM Level 3 Saat¬†Nataru https://t.co/oL3mUu39Dx,perintah terap ppkm level nataru
278,1468128152895455235,"JUAL NETFLIX ANTI HOLD GARANSI

SHR 45K/bln
PRV 190K/bln 
MINAT?DM/WA

spotify viu youtube prime disney hotstar wetv iflix grammarly apple music hbo go iqiyi vidio mola tv murah ppkm kepencet dada rumini sophia dingin beijing jennie bobby btsarmy bluetooth tzuyu kevin hailey H",jual netflix anti hold garansi shr k bln prv k bln minat dm wa spotify viu youtube prime disney hotstar wetv iflix grammarly apple music hbo go iqiyi vidio mola tv murah ppkm pencet dada rumin sophia dingin beijing jennie bobby btsarmy bluetooth tzuyu kevin hailey h
279,1468128151133835268,"Berikut rangkuman berita terhangat @dw_indonesia:

Pemerintah telah membatalkan PPKM tingkat 3 antara 24 Desember dan 2 Januari secara nasional untuk mendukung penetapan tingkat menurut pengujian mingguan dan upaya vaksinasi yang dilakukan sejak Juli.
https://t.co/mpyaEFavp2 https://t.co/3TgOrn3m0B",rangkum berita hangat indonesia perintah batal ppkm tingkat desember januari nasional dukung tetap tingkat uji minggu upaya vaksinasi juli
280,1468128149032652805,"Pemerintah mencabut pembatasan aktivitas masyarakat PPKM Level 3 di seluruh wilayah Indonesia selama libur Nataru.

Menko Marinves Luhut Binsar Pandjaitan mengatakan putusan itu diambil karena Indonesia siap hadapi musim liburan akhir tahun.
https://t.co/w0WGXgDHJ1",perintah cabut batas aktivitas masyarakat ppkm level wilayah indonesia libur nataru menko marinves luhut binsar pandjaitan putus ambil indonesia hadap musim libur
281,1468128131915476993,"Yeayyy info nih PPKM batal ternyata, tahun baru enaknya kemana ya ü§î",yeayyy info nih ppkm batal enak mana ya
282,1468128043789012995,"ada info penting guys !!  yang pengen kulit putih dan glow up bisa langsung cek produknya Tenlung kesehatan kulit di https://t.co/iZDELaeSBd
 Idul Fitri #BoikotJNE Paha Bobby Paha justin bieber Kepencet Nataru Jennie #banjir Makassar Sayap  #JokowiTanggapBencana PPKM
 1 https://t.co/ttqsNfi24Y",info guys ken kulit putih glow up langsung cek produk tenlung sehat kulit idul fitri boikotjne paha bobby paha justin bieber pencet nataru jennie banjir makassar sayap jokowitanggapbencana ppkm
283,1468127992433963008,"PPKM Level 3 Batal Diterapkan se-Indonesia Saat Nataru, Kentara Pemerintah Belum Mengkaji https://t.co/k40LAUq3vt",ppkm level batal terap indonesia nataru kentara perintah kaji
284,1468127961446379522,Oooo cah asu. Dikei ppkm sambat. Dibatalne dikiro labil,oooo cah asu dikei ppkm sambat dibatalne dikiro labil
285,1468127951392854023,"@alamanda_maroon @dr_koko28 @jokowi @JatimPemprov Iya bener... sudah cukup menebar ketakutan kopat kopet...

https://t.co/2SrbCKpsLy",maroon koko iya bener tebar takut kopat kopet
286,1468127906077413378,"Ppkm tbtb gajadi gini kok aneh ya, labil banget punya negara",ppkm tbtb gajadi gin aneh ya labil banget negara
287,1468127868005720064,PPKM Level 3 dibatalkan tapi kok gua makin ngeri yak,ppkm level batal gua ngeri yak
288,1468127650493444096,"Pemerintah batal memberlakukan PPKM level 3 saat libur Natal dan tahun baru. Pengambilan keputusan terbaru ini dilihat berdasarkan penanganan pandemi Covid-19 di Indonesia yang kian membaik. #Video
 https://t.co/PNgeExDXwj",perintah batal laku ppkm level libur natal ambil putus baru dasar tangan pandemi covid indonesia kian baik video
289,1468127613923180544,ngga jadi ppkm nih gmn gas bali ?,ngga ppkm nih gmn gas bal
290,1468127585112522756,"Luhut berujar, pemerintah memutuskan untuk membuat kebijakan yang lebih seimbang dengan tidak menyamaratakan perlakuan di semua wilayah Indonesia dalam rangka menjelang momen Nataru.

https://t.co/TE2F4fM2bB",luhut perintah putus bijak imbang menyamaratakan laku wilayah indonesia rangka jelang momen nataru
291,1468127526740316160,"PPKM

PEMBATASAN
PERGERAKAN 
KAUM
MUSLIMIN

Yg BUKAN Muslim
üö´PPKM

Yg MUNAFIQ,
üö´PPKM

Yg DUKUNG REZIM
üö´PPKM

#KM50JiwaRevolusiAkhlak 
#KM50JiwaRevolusiAkhlak https://t.co/0b0WxzvJWA",ppkm batas gera kaum muslimin  muslim ppkm  munafiq ppkm  dukung rezim ppkm km jiwarevolusiakhlak km jiwarevolusiakhlak
292,1468127526526488577,"@radenrauf Nyayi "" langit...bisa klau turunkan level ppkm dan turunkan harga bbm """,nyayi langit klau turun level ppkm turun harga bbm
293,1468127522055663623,"PPKM Level 3 Nataru Batal, Istana Sebut Kebijakan Gas Rem Jokowi https://t.co/vwAGHPEBjp",ppkm level nataru batal istana bijak gas rem jokowi
294,1468127457010094082,@ElfizaEnny Orang natalan &amp; tahun baruan dulu lah.. habis itu boleh ppkm,orang natal amp baru habis ppkm
295,1468127364441731072,@CNNIndonesia idul fitri n idul adha di PPKM.. shalat tdk boleh berjamaah.. Tdk boleh mudik.. Hla skrng ? Wkwk lucu ya ü§£,idul fitri n idul adha ppkm shalat tdk jamaah tdk mudik hla skrng wkwk lucu ya
296,1468127363972042755,@RomadhonFsl G ppkm euy,tidak ppkm euy
297,1468127266311839749,Pemerintah perpanjang ppkm di luar jawa bali hingga 23 desember 2021 https://t.co/ApbzCU9UhN,perintah panjang ppkm jawa bal desember
298,1468127253762428931,"PPKM Level 3 Batal di seluruh wilayah Indonesia, Kemenkes: Hasil Diskusi dengan Ahli¬†Epidemiologi https://t.co/c3qbR0Ezti",ppkm level batal wilayah indonesia kemenkes hasil diskusi ahli epidemiologi
299,1468127240831463426,"@CNNIndonesia Harus diterapkan ppkm level 3 ketat, sampai 5 januari 2022...dan percepat vaksinasi per hari 1.5 juta orang...",terap ppkm level ketat januari cepat vaksinasi juta orang
