id,tweet
1467882948875620358,@ddoodoy Gassin sebelum tutup ppkm xixi
1467882785138380804,Penanganan pandemi Covid-19 di Indonesia menunjukkan perbaikan signifikan dan terkendali pada tingkat yang rendah meski masih tersisa 12 kabupaten/kota di Jawa-Bali di level 3 PPKM. https://t.co/t6H9b2vyOg
1467882601633312769,"@chngeol engga, sy lg gd jadwal pak kan mau ppkm jd gabole ada aktivitas di luar rumah"
1467882577428058113,@Aku_Ambivert Kalo taun ini gak tau karna info ppkm masih simpang siur
1467882365758296067,"@Getsigege @lidyadwp Hahahaha susah bgt gua weekend
Ntar yuk pas ppkm,gua libur total"
1467882048329183237,@maswanlagi Di rumah aja udh wkwk ppkm
1467881903965581313,"Hasil Survei Indikator Politik soal Publik Tak Setuju PPKM, Ini Kata Stafsus Mensesneg https://t.co/nWyDpljjcW"
1467881846453063684,"@raranng_ Malam kak, menyesuaikan dengan ditetapkannya PPKM level 2 di DKI Jakarta, layanan Transjakarta koridor 1-13 kembali menyesuaikan jam operasional menjadi pukul 05.00 - 21.30 WIB.
Angkutan Malam Hari dan layanan khusus bagi tenaga kesehatan beroperasi pukul 21.31 - 22.30 WIB. ^ZL"
1467881406860652546,sebelum PPKM level 3 diberlakukan https://t.co/0Ci4oQqLOL
1467881358093524997,"@Grettav13_ @livingoddess_ @nfhzlf @JaohariLatif Tapi ya tetep gpp, kalau emg harus demi kebaikan dukung bgt 1000%. Takut jg ngebayangin mesti PPKM lagi sepanjang tahun dpn, jangan ya plis aku mau sering2 plg &amp; jalan2 tanpa hrs antigen &amp; pcr. Masa tabungan abis disitu doang tolonglahü•≤"
1467880553848344584,@selamatmalammm ppkm cintaa
1467880452014755844,Td ada reply blg ppkm circle https://t.co/dFyt5VsS2O
1467880275044536320,Hati hati karena tahun 2022 jadwal ppkm akan dimasukan di kalender
1467880174813270018,"JAKARTA - Pemerintah memutuskan untuk kesekian kalinya memperpanjang Pemberlakuan Pembatasan Kegiatan Masyarakat (PPKM), sebagai salah satu upaya untuk mengendalikan pandemi Covid-19. Meskipun https://t.co/3gOwDULaQp"
1467879783639838726,"@jogmfs Daerah giwangan enek sek bukak sampek bengi lak mbyen,ml Mari ppkm mbuh"
1467879474163191810,@jsuhstop ANAK PINGIT WKWKKWKWKWK yg anak pingit mah yugy dulu kan ngga ikut yang ppkm itu
1467879271209181189,Geng mangkir ppkm udh pada punya ig ya
1467878718936809475,"boro2 dah nongki berjam2, berbulan2 gapernh berani ketemu terutama pas fase kmrn delta naik. ngalamin yg namanya cm nyentelin makanan di pager kost dia, atau dia yg nyentelin obat di pager rumah. GIMANA GUE MO LANGGAR PPKM COBA GUE TANYA. DIA AJA GALAK BGT KL MASALAH KESEHATAN"
1467878538757894145,"Dalam survei yang dilaksanakan pada 2 November sampai 6 November 2021,¬†Indikator Politik Indonesia¬†menemukan mayoritas masyarakat puas dengan (PPKM), protokol kesehatan (prokes) dan vaksinasi untuk mengendalikan¬†pandemi Covid-19¬†di Tanah Air. https://t.co/0nGXj9hmNn"
1467877537963405312,Lebih rapet dari prokes ppkm
1467877478265810949,Luhut: 12 Wilayah di Jawa-Bali Masih PPKM Level 3 https://t.co/3vWoPR4HRh https://t.co/9hwoqvRusr
1467877424667181056,@jakesimIuv katanya gr2 ppkm jdi jam belajarnya kan kurang gtu
1467877203048222720,@ini_Nasyaa Tolong ppkm ditiadkan setelah itu
1467876839347523588,Patroli gabungan TNI-POLRI dan Satpol PP Kota Pekalongan dalam rangka Wasdal Gakkum dan Edukasi Pelaksanaan PPKM di wilayah Kota Pekalongan. senin (6/12) https://t.co/oQdc7Akw6E
1467876729150603268,Patroli gabungan TNI-POLRI dan Satpol PP Kota Pekalongan dalam rangka Wasdal Gakkum dan Edukasi Pelaksanaan PPKM di wilayah Kota Pekalongan. senin (6/12) https://t.co/fDwEdbjFcs
1467876552507641857,"Pemerintah Kota (Pemkot) Gorontalo berencana akan menerapkan kembali Penerapan Pemberlaku Pembatasan Kegiatan Masyarakat (PPKM) Level 3 di Kota Gorontalo untuk mengantisipasi lonjakan kasus Covid-19 menjelang tahun baru 2022.
#PPKMLevel3
#PemkotGorontalo https://t.co/49R9jAINsn"
1467875900020518914,Natal kok ppkm wkwkwk
1467875781716025346,"Pemerintah perpanjang PPKM, jelang Nataru kegiatan maksimal diikuti 50 orang. 

#PapuanLivesMatter
https://t.co/2FR3pkahyr"
1467875633619345408,"PPKM Efektif Cegah Penularan Covid-19

Disiplin Protokol Kesehatan https://t.co/IHCJLGW7yT"
1467875554279837701,"77,2% responden Survey Indikator percaya bahwa PPKM berhasil mengurangi penularan covid19. https://t.co/jXD9jZWm7w"
1467875327619723265,"Untuk Jawa-Bali, Tersisa 12 Kabupaten/Kota di Level 3 PPKM https://t.co/tn9dyISxWW"
1467875261471358986,"-Rek, ada ide gak kalau mau honeymoon di Surabaya enaknya kemana/ngapain aja? Gk bisa kemana-mana gara¬≤ PPKM nih nnti üòî. Makasih ya sarannya. Pic frm Pntrst https://t.co/hteU2iimqC"
1467875077576290305,"Vaksinasi Meningkat, PPKM Level 3 Tak Diterapkan Merata https://t.co/tpBWAr6H2d https://t.co/YkbZssiBZJ"
1467875009720832005,"Papua Pemerintah perpanjang PPKM, jelang Nataru kegiatan maksimal diikuti 50 orang https://t.co/5bOzJoSAKJ https://t.co/8wzhXT587h"
1467875001000873989,"Pemerintah perpanjang PPKM, jelang Nataru kegiatan maksimal diikuti 50 orang https://t.co/YHKSs2STaZ"
1467874733521731586,"Temen cowo waktu itu mau minjem tripod, tp gk jadi karna tripodku gatau kemana. Mau dipake naik gunung. Aku tanya, musim hujan gini kok naik? Dijawab, mumpung belum ppkm lagi. Eh gk lama kabar semeru erupsi. Status wa nya waktu itu. ""Merapi ü§ù Semeru"". Kasian üò≠"
1467874615602995201,"udah gapunya minggu kosong sebelum ppkm, jangan sakeet"
1467874394613583874,"Angka Covid-19 Menurun, PPKM Luar Jawa-Bali Tetap Dilanjut Hingga 23 Desember #alonesia https://t.co/kGUkCf1IBZ"
1467874341836627969,"ketambahan jadwal plg yg deketan sm ppkm huhu. denger suaranya td nahan sakitnya pgn nangis huhu. ditinggal tidur duluan rasanya kangen buanget biasanya masi bercanda,masi ngomel gajelas. hufttt intinya kangen bgt aku sm org ini):"
1467874304276586498,"Bhabinkamtibmas Kel. Plombokan Kec. Smg Utara Aipda Masrukin, sambang di Kantor Kel. Plombokan Koordinasi dgn Kasi K.Sos dan Bank BNI terkait penyaluran Lanjutan Bansos Sembako PPKM Darurat 2021 Sekecamatan Smg Utara  yang akan di laksanakan hari Jumat 10 Desember 2021 https://t.co/Bu7iqKhEhi"
1467874122772279301,@LSangyyeon Apa tuh ppkm :(
1467873850360676353,"@tahub0lat Tiati keburu ppkm, gabisa balik nanti wkwk"
1467873728818139143,Sebanyak 12 wilayah di Jawa-Bali masih PPKM level 3 https://t.co/F7gJc0aarA
1467873569472331784,"Pemerintah memutuskan kembali memperpanjang PPKM sebagai upaya mengendalikan pandemi covid-19, meskipun saat ini tren kasus positif terus mengalami penurunan.
#PPKM #AirlanggaHartarto #COVID19 #Covid_19 #lampostco 
https://t.co/XGw64BPMLi"
1467873480590823431,"Dinas Sosial Jawa Barat¬†menyalurkan bantuan sosial tunai bagi 70.664 kelompok penerima manfaat, yakni masyarakat yang terdampak Pemberlakuan Pembatasan Kegiatan Masyarakat¬†Level 3, Level 2, dan Level 1 di Jawa-Bali di daerah itu. https://t.co/426DIKwol4"
1467873398592360452,"Oleh karena itu, pemerintah kembali melanjutkan Pemberlakukan Pembatasan Kegiatan Masyarakat (PPKM) di Luar Jawa-Bali hingga tanggal 23 Desember 2021."
1467873119557746693,"@shuaxxi @caratstalk Palagi base umum kpop sama base umum rl pada tutup lagi kena ppkm, ya gue nongkrong disini lah"
1467873104147800068,Mana cakep bgt lagi difoto nya anjweng. Hv fun yaa sering sering jalan barengan sama bestie mu biar gak bosen sama sekolah.. sebelum mulai ppkm lagi jadi banyak banyak jalan sama temen ü§©
1467872483994783754,PPKM Luar Jawa Bali Diperpanjang hingga 23 Desember 2021 https://t.co/HD5kzLwhOv
1467872478777143309,@scenereyi @zrangcy Lama kok masih januari turnamen lagi. Bisa liburan natal dulu eh tapi ga boleh liburan kan mo ppkm haha semoga masalah dg kemenpora ga jelas itu cepat selesaiüôè
1467872090451701761,"Vaksinasi meningkat, Luhut: PPKM level 3 tak diterapkan secara merata https://t.co/4UCBz5GIzi"
1467871839552618496,"Mana mau ppkm lagi, nasib karyawannya gmn kalo tempat kerjaannya tutup üòñ https://t.co/DIvrUEthQB"
1467871745705070598,"@kymikhy Yen emang waktu ne longgar
Bisa maju dikit ke sukoharjo, maem ayam goreng mbah karto tembel depan kejaksaan negeri sukoharjo
Sambel korek &amp; sambel blondo ne istimewa
Gudeg Ceker Margoyudan jg istimewa tp buka e jam 2 bengi yum
Mbuh yen usum PPKM isih buka po rak"
1467871719134162949,"Cuti tanggal 28, dahal udah bisa dari November tapi sengaja diundur 

Tapi ntar keknya mau dimajuin tanggal 23 deh, gegara 24 dah ppkm lvl 3"
1467871598338211840,"Evaluasi PPKM, Ini Kata Menko Perekonomian Airlangga https://t.co/xfvQPEqkmZ"
1467871193336213512,@urlovelymeow Dulu ppkm juga masih bisa keluar masuk sby :(
1467871101048877060,sertu Sampoli anggota Koramil 07/Matesih melaksanakan  PPKM level 2 di ATM BRI Matesih. Menghimbau dan membagikan masker kepada warga masyarakat untuk selalu mematuhi protokol kesehatan https://t.co/dOx1DOFTcS
1467871034602713094,sertu Sampoli anggota Koramil 07/Matesih melaksanakan  PPKM level 2 di ATM BRI Matesih. Menghimbau dan membagikan masker kepada warga masyarakat untuk selalu mematuhi protokol kesehatan https://t.co/bOdG2K8kif
1467870981498703873,sertu Sampoli anggota Koramil 07/Matesih melaksanakan  PPKM level 2 di ATM BRI Matesih. Menghimbau dan membagikan masker kepada warga masyarakat untuk selalu mematuhi protokol kesehatan https://t.co/tEq6Ot0Cdm
1467870602551648256,"PPKM DIPERPANJANG 
#AirlanggaHartarto 
#PPKM https://t.co/5ZLWpzrvOF"
1467870602300063750,@pplesuckss ppkm
1467870222937849859,serda Said Budiono anggota Koramil 07/Matesih melaksanakan  PPKM level 2 di Rumah bapak Sunardi warga dusun dukuh02/11 desa koripan.Menghimbau dan kepada warga masyarakat untuk selalu mematuhi protokol kesehatan dalam beraktifitas didalam maupun diluar rumah https://t.co/Ep719uOAiN
1467870154474225666,serda Said Budiono anggota Koramil 07/Matesih melaksanakan  PPKM level 2 di Rumah bapak Sunardi warga dusun dukuh02/11 desa koripan.Menghimbau dan kepada warga masyarakat untuk selalu mematuhi protokol kesehatan dalam beraktifitas didalam maupun diluar rumah https://t.co/E6M1ftXyER
1467870100308971520,serda Said Budiono anggota Koramil 07/Matesih melaksanakan  PPKM level 2 di Rumah bapak Sunardi warga dusun dukuh02/11 desa koripan.Menghimbau dan kepada warga masyarakat untuk selalu mematuhi protokol kesehatan dalam beraktifitas didalam maupun diluar rumah https://t.co/hYtVe6qfKE
1467870041060216832,serda Said Budiono anggota Koramil 07/Matesih melaksanakan  PPKM level 2 di Rumah bapak Sunardi warga dusun dukuh02/11 desa koripan.Menghimbau dan kepada warga masyarakat untuk selalu mematuhi protokol kesehatan dalam beraktifitas didalam maupun diluar rumah https://t.co/jqfvvN1px1
1467870031472119816,"PPKM Luar Jawa-Bali Diperpanjang Hingga 23 Desember Meski Tren Kasus Menurun
https://t.co/zNsdVX11P2"
1467869841633648643,Pemadaman sejak 1 Desember untuk mendukung PPKM Level 3 serentak yang akan diterapkan 24 Desember 2021-2 Januari 2022. https://t.co/ACguzEo2kw
1467869811266887680,"Aturan PPKM untuk kekayaannya yg bertambah selama PPKM, mungkin gembira! https://t.co/DRnSg31ccW"
1467869378016264194,Koptu Bakri Siompo Koramil 07/Matesih melaksanakan Patroli PPKM level 2 di Toko putra Rahayu Desa matesih jln joko songo kec. Matesih. Menghimbau dan membagikan masker kepada warga masyarakat untuk selalu mematuhi protokol kesehatan dalam beraktifitas didalam maupun diluar rumah https://t.co/mjq1Z16jjL
1467869194075078660,Koptu Bakri Siompo Koramil 07/Matesih melaksanakan Patroli PPKM level 2 di Toko putra Rahayu Desa matesih jln joko songo kec. Matesih. Menghimbau dan membagikan masker kepada warga masyarakat untuk selalu mematuhi protokol kesehatan dalam beraktifitas didalam maupun diluar rumah https://t.co/mKiIPDijCX
1467869155852357632,Koptu Bakri Siompo Koramil 07/Matesih melaksanakan Patroli PPKM level 2 di Toko putra Rahayu Desa matesih jln joko songo kec. Matesih. Menghimbau dan membagikan masker kepada warga masyarakat untuk selalu mematuhi protokol kesehatan dalam beraktifitas didalam maupun diluar rumah https://t.co/mcMFVIdQPU
1467869108637093890,Koptu Bakri Siompo Koramil 07/Matesih melaksanakan Patroli PPKM level 2 di Toko putra Rahayu Desa matesih jln joko songo kec. Matesih. Menghimbau dan membagikan masker kepada warga masyarakat untuk selalu mematuhi protokol kesehatan dalam beraktifitas didalam maupun diluar rumah https://t.co/QDu4nmaPNz
1467868983411949571,"@icokTuT kalo PPKM gak ribet, asli berangkat lho"
1467868949257674759,"@adinugrohobabeh Jangan ditahan, mari diagendakan, sebelum ppkm dilanjutkan"
1467868877702918154,"kalo pemerintah ga kasih libur, maka gue yang cabut duluan sebelum ppkm hahayyy"
1467868754922991617,KPANA JOKOWI TURUN DARI JABATANYA  YA ALLAH SUPAYA GAK ADA PPKM LAGIü•≤
1467868706017447943,"Gak peduli varian Omicron dan tetek bengeknya. Bukan gak takut sama virusnya, tapi beritanya kek kiamat 1 dunia. Udahlah media Indonesia, gak tahan, kasih berita normal ajalah biar gak stress mikirin ini, mana PPKM ditambah berita kek gini."
1467868570101043204,"""Penerapan level PPKM selama Nataru akan tetap mengikuti asesmen situasi pandemi sesuai yang berlaku saat ini, tetapi dengan beberapa pengetatan,"" tegas Luhut. #kumparanNews https://t.co/UsaTn71Tny"
1467868520255942662,"@detikcom Haduh pak saya bingung ngafalkannya. Mulai psbb, ppkm, sekarang pkn. Belum singkatan yg lain."
1467867989475090434,"OPERASI YUSTISI MALAM HARI

Peningkatan Disiplin Protokol Kesehatan dalam rangka pemberlakuan PPKM level 2 guna cegah penyebaran Covid 19 bertempat jalan raya depan Polsek dan kawasan Pasar Desa Senduro Kecamatan Senduro , hari Senin, tanggal, 6 Desember 2021, pukul 20.30 Wib. https://t.co/LrBBlTfY6Q"
1467866831817887744,@aquaeror jiakh sieun ppkm hyunc
1467866800117354497,-11fess PPKM yang Desember-januari itu level berapaa yaa? KRL Solo-Jogja nanti syaratnya ribet engga? Makasih
1467866348185214981,"Percayalah akan Banjir dan bencana terjadi..Pas orang ingin merayakan natal malah dibuat level 3 ppkm sedangkan duniawi menarik investor tidak ada masalah.

https://t.co/fy2KVmN3Rp"
1467866149241049088,"@milabukanmia Hai, Kak. Mohon maaf atas ketidaknyamanannya. Perubahan jam operasional diberlakukan sebagai upaya mendukung kebijakan pemerintah terkait penerapan PPKM level 2 dan untuk mencegah penyebaran virus Corona Covid-19 di lingkungan MRT Jakarta. Terima kasih."
1467865889685049351,natal nanti PPKM ga si? gw pengen liat pohon
1467865845653118982,@deaawaliaa Ppkm pinky
1467865799775772673,Mau ada ppkm lagi gasi tgl 20an
1467865493302222855,"@baby_alien28 Iyes lumayan juga.. üòÇ

Karena kalau ambil paket dinner nya saja terganjal PPKM.."
1467865422909227009,"Pemerintah Perpanjang PPKM di Luar Jawa-Bali Hingga 23 Desember 2021, Termasuk Sumbar https://t.co/hwqn15hvDa"
1467864901599199243,@jogmfs Memancing untuk ikutan tengbes tapi kan corona ppkm
1467864682178351105,"tetap pakai masker, jaga jarak, menghindari kerumunan, bijak bepergian.
#TetapMenjagaProkes
https://t.co/U7uqWggQgx"
1467864674964152322,"Implementasi kebijakan tersebut mencakup upaya mendorong pemerintah daerah memastikan masyarakat terus disiplin protokol kesehatan dan menahan mobilitas selama libur Natal 2021 dan Tahun Baru 2022. #TetapMenjagaProkes
https://t.co/U7uqWggQgx"
1467864667384991747,"Hal ini harus kita waspadai, apalagi mengingat sebentar lagi kita akan memasuki periode liburan Natal dan Tahun Baru, #TetapMenjagaProkes
https://t.co/U7uqWggQgx"
1467864659612954629,"Pada periode 15 - 21 November 2021, lebih dari 91 persen orang terpantau mematuhi aturan menjaga jarak dan menghindari kerumunan. #TetapMenjagaProkes
https://t.co/U7uqWggQgx"
1467863880885891079,"Dn BTS PPKM gue apus aja kali ya, gaada PPKM2nya inimah perasaan üò≠üò≠"
1467863734836084744,@rappersvga Hahaha Gapapa ayang kan nanti kalau gak ppkm bisa kisseuüëÄ
1467863453205368833,"Kegiatan PPKM gabungan 3 pilar kecamatan Pedurungan membagikan masker kepada warga.
@DivHumas_Polri
@humaspemkotsmg
@poldajateng_ 
@HumasTabesSmg https://t.co/tvrtq8kE0n"
1467863442144960514,"@alisyarief Yang Mendidih Darahnya Yang Koresterolnya Tinggi Karena Sering Di Undang Makan Sea Food, Om ... Bener g jawabannya, om ... Klo bener hadiahnya minta tiket liat Sepak Bola Dunia d JIS ... Itupun klo g mendadak PPKM level 1  lg krn ada sepak bola, om ... ü§î"
1467863223177199622,PPKM #ppkmindonesia https://t.co/yuz5D5V86K
1467863186703470593,@rizzkyu62 Di Jakarta aja sih kak kayaknya. Dia mau join bareng keluarga ku. Soalnya kan ppkm mau diperketat jd kita terpaksa di jakarta dulu deh kak üòäü§≠ü§≠
1467862922713989120,PPKM #ppkmindonesia https://t.co/Oq82ZV0zzu
1467862808012345350,Jatah cutinya 4 tapi ga boleh cuti 4 hari berturut-turut harus diambil satu persatu. Katanya ada ppkm jadi liburnya dikurangi biar nggak bepergian. Jadi ini Ppkm apa eksploitasi pekerja?
1467862628781330441,PPKM #ppkmindonesia https://t.co/mxhIjhL8Kz
1467862519062532100,Sirkel PPKM https://t.co/EqOgx2mlEm
1467862406613241856,"Ratas Evaluasi PPKM, Ini Penjelasan Menko Airlangga Hartarto https://t.co/XIh6sSkVtz https://t.co/tRB8CTPf4p"
1467862287444709376,PPKM #ppkmindonesia https://t.co/YErCBRBFjH
1467862284286320642,"jadwal uas belom keluar, masi gatau mau pulang tgl berapaa mana tgl 24 ppkm. Plis ya allah udah kangenn rumahh üò≠"
1467862184764096515,"Pemerintah Kota Gorontalo berencana akan menerapkan aturan Pemberlakuan Pembatasan Kegiatan Masyarakat (PPKM) level 3 dalam rangka libur Natal dan tahun baru. Kebijakan itu rencananya akan diberlakukan mulai 24 Desember hingga 2 Januari 2022 mendatang.
https://t.co/MsY2Y94gJ9"
1467862019973910534,"(2) Hingga saat ini, kasus aktif per 5 Desember 2021 sebanyak 7.526 atau 0,18% dari total kasus dan di bawah rata-rata global yang sebesar 7,91 persen.

Oleh karena itu, pemerintah kembali melanjutkan Pemberlakukan Pembatasan Kegiatan Masyarakat (#PPKM) di Luar Jawa-Bali hingga"
1467861958359760896,Sandiaga Uno menjelaskan adanya penyesuaian bahasa terkait peraturan menjelang libur nataru. Sebaiknya istilah PPKM Level 3 diganti menjadi peraturan khusus kegiatan yang berkaitan dengan Nataru.  https://t.co/LuGYCLixB0
1467861786233741318,PPKM #ppkmindonesia https://t.co/1FQmmyqFP4
1467861518775582724,"Oleh karena itu, pemerintah kembali melanjutkan Pemberlakukan Pembatasan Kegiatan Masyarakat (PPKM) di Luar Jawa-Bali hingga tanggal 23 Desember 2021."
1467861095897464833,"tetap pakai masker, jaga jarak, menghindari kerumunan, bijak bepergian.
#TetapMenjagaProkes
https://t.co/GgQmYPh0Rj"
1467861088737783816,"Implementasi kebijakan tersebut mencakup upaya mendorong pemerintah daerah memastikan masyarakat terus disiplin protokol kesehatan dan menahan mobilitas selama libur Natal 2021 dan Tahun Baru 2022. #TetapMenjagaProkes
https://t.co/GgQmYPh0Rj"
1467861080386924544,"Hal ini harus kita waspadai, apalagi mengingat sebentar lagi kita akan memasuki periode liburan Natal dan Tahun Baru, #TetapMenjagaProkes
https://t.co/GgQmYPh0Rj"
1467861072954552327,"Pada periode 15 - 21 November 2021, lebih dari 91 persen orang terpantau mematuhi aturan menjaga jarak dan menghindari kerumunan. #TetapMenjagaProkes
https://t.co/GgQmYPh0Rj"
1467861022753046532,PPKM Luar Jawa-Bali Diperpanjang Hingga 23 Desember Meski Tren Kasus¬†Menurun https://t.co/lqwepfBeE6
1467861008509198343,PPKM Luar Jawa-Bali Diperpanjang Hingga 23 Desember Meski Tren Kasus¬†Menurun https://t.co/IINpBMUXv5
1467860472024027137,"Pasha ungu orak iso njawab kepanjangan ppkm di dream box
Menjawab banyak hal"
1467860138258096136,"Target PPKM Level 1, Bupati Blora Gelar Rapat Evaluasi Percepatan Vaksinasi Tingkat Kabupaten https://t.co/w8OsEqz0o6"
1467860125968863233,"Udah siap siap mau liburan akhir tahun , tapi pemerintah menerapkan PPKM Level 3 ... 
Yaudah Liburan di rumah aja , tentunya bakalan semakin seru bersama INDIHOME üòç 

#InternetnyaIndonesia #AktivitasTanpaBatas #BerjuangTanpaBatas #Indihome https://t.co/vrZDQSuYsJ"
1467859556512325640,"Orang2 dah sibuk nyari temen, milih waktu buat nonton altarboys. aku masih sibuk wara wiri ngejar dinas sebelum ppkm akhir tahun üò¢"
1467859509586509827,"@jnleeandyphile bener ... katanya juga nanti ada ppkm pas natal dan tahun baru , huhu sedih banget"
1467859187774464000,PPKM Luar Jawa-Bali berlanjut hingga 23 Desember ‚Äì¬†https://t.co/75aukAFqbS https://t.co/Nuk1LGoUgb
1467859141712441344,Kata Istana Soal Survei Indikator Terkait Penolakan PPKM Diperpanjang https://t.co/RrGjxnhYZM https://t.co/GxuMeKye0O
1467859140957511685,"Tidak Ada PPKM Level 3 di Libur Nataru, Pemerintah Izinkan Warga Lakukan Perjalanan Wisata https://t.co/LZIhaxLDmh"
1467858708566708231,"Ketahui informasi pembagian #PPKM di wilayah Jabar berdasarkan level 4, 3, dan 2 di #PikoData https://t.co/HRTW779XRg"
1467858630150012935,Besok Pemko Evaluasi Pelaksanaan PPKM Level 1 https://t.co/zjNWrtbcUZ
1467858496376823812,"Dalam rangka menyambut ppkm natal dan tahun baru

https://t.co/gW7rWvorVv https://t.co/FkTI3HTCnW"
1467858451195908103,PPKM Luar Jawa-Bali dilanjutkan hingga 23¬†Desember https://t.co/fAbmEd39eU
1467858421995106309,"perdana naik commuter line lagi setelah PPKM level berape au dah, kalo sekarang kudu nunjukin apk PeduliLindungi üòÅ
aktivitas gak ada yg berubah, duduk masih jaga jarak, setiap orang pd main hape, ada yg dengerin lagu make earphone, ada yg molor &amp; semua masih pada make masker üòÇ"
1467858020403060736,"Patuhi Inmendagri 63 Tahun 2021, Kota Tangsel Masih Terapkan PPKM Level Dua https://t.co/ijY2TJK5Lt"
1467857667632685060,"malam min, apakah pada saat nataru (ppkm) nanti kereta jarak jauh tetap beroperasi seperti biasanya? terima kasih @KAI121 @KAI121"
1467857651581128704,@madeforjayb Yg ppkm??? Bahas lagi?
1467857577501462529,PPKM Luar Jawa-Bali Dilanjutkan Hingga 23 Desember¬†2021 https://t.co/aOqlaIZ2ML
1467857215868473351,@Markie_tut semenjak kejadian ppkm percakapan soal line itu pasti bakal ada masalah wkwkwk
1467856738053279745,@PutraErlangga_ Cepet dong mau ppkm nih
1467856479281577987,"@jeffreyyan_ ""lg ppkm"" ""lagi gaenak badan rda flu sih takut gbsa masuk"" ""lain kali gapapa ya? aku gabisa soalnya, maaf"" pkonya pke kata maap aja"
1467856358338973702,"PEMERINTAH Provinsi DKI Jakarta telah menetapkan Penerapan Pembatasan Kegiatan Masyarakat (PPKM) menjadi Level 2. Hal itu membuat Trans-Jakarta mengubah jam operasional.

Sumber: https://t.co/4PnBFiF3ZB"
1467855994797522948,Pernyataan Menko Perekonomian Usai Rapat Terbatas Mengenai Evaluasi PPKM https://t.co/gjibF73ktb
1467855854514806787,"@themoonkv Lancar sih aman"" aja jadi kerja di coffee shop mandiri (syukur"" gue bukan bagian kasir mulu), tapi manager gue lagi uring""an ppkm lagi ntar mau gimana wkwk"
1467855522065833994,Ppkm squadüòÇ https://t.co/BxMHgd3mQ8
1467854989557125120,"Check out a great #article Tren Kasus Terus Menurun, PPKM Luar Jawa-Bali Dilanjutkan Hingga 23 Desember 2021 https://t.co/kLSvdpkxPe"
1467854857193201664,"Kegiatan sambang  menyampaikan himbuan Kamtibmas dan giat patroli (PPKM) Mikro di  wilayah hukum Polsek Mijen.
@humaspolrestabessmg
@humaspoldajateng https://t.co/GuCOkq6vUi"
1467854351574044676,"Jelang Nataru, Kabupaten Demak Terapkan PPKM Level 3 Segera https://t.co/KwdSRdkLLa"
1467854261241348113,"Kegiatan sambang  menyampaikan himbuan Kamtibmas dan giat patroli (PPKM) Mikro di  wilayah hukum Polsek Mijen.
@humaspolrestabessmg
@humaspoldajateng https://t.co/jhFuHmFg18"
1467854105028689925,"Antisipasi Penyebaran Covid-19

Personel gabungan Koramil 03/Toroh, Polsek Toroh, dan SatpolPP gelar operasi yustisi pendisiplinan prokes PPKM Level 1 dan membagikan masker di Desa Sindurejo Kec. Toroh Jl. Raya Purwodadi - Solo. https://t.co/oKzKkEBPTm"
1467854007745990659,"@RNPasutri1 PPKM üò¢
jadi agendanya pada di cancel"
1467853612718039045,@stynareta Ppkm dongss
1467853198245257216,"Mari simak keterangan pers Menteri Koordinator Bidang Perekenonomian @airlangga_hrt usai Rapat Terbatas mengenai Evaluasi PPKM, di Istana Kepresidenan Jakarta, Senin (06/12/2021).

#SidangKabinet @PerekonomianRI
https://t.co/B7Mg46E0Mj"
1467852656039260161,"Menteri Koordinator Bidang Perekenonomian Airlangga Hartarto memberikan keterangan pers usai mengikuti Rapat Terbatas mengenai Evaluasi Pemberlakuan Pembatasan Kegiatan Masyarakat (PPKM), di Istana Kepresidenan Jakarta, Senin (06/12/2021).

#SidangKabinet https://t.co/iNe0NG577G"
1467852576762654722,"PPKM Diperpanjang hingga 23 Desember, Wilayah Level 1 dan 2 di Luar Jawa Jawa Bali Meningkat

#CelebritiesDotID #InfoCelebTerkini #Covid19 
https://t.co/1JB804m7hp"
1467852570240692225,"Libur Nataru, Pemkot Metro Terapkan PPKM Level 3 Sampai¬†Januari https://t.co/OptzDtLHJq"
1467852516284985345,PLEASE YES... INI GA KUAR NEGERI ttp aja tahan mereka ga kemana mana.... apalagi ntar ada ppkm lvl 3 kan... please... https://t.co/ZmIeUPgxXA
1467852464002981894,Aturan ini dibuat untuk mengantisipasi kerumunan itu diberlakukan sejak 24 Desember 2021-2 Januari 2022. https://t.co/YAs7BdsO3E
1467851869384970249,"Hallo Sahabat Humas Polri ...

Saat Nataru nanti, Pemerintah memberlakukan PPKM Level 3 berdasarkan Inmendagri No. 62 Tahun 2021 berlaku dari tgl 24 Desember 2021 s/d 2 Januari 2022 untuk cegah Covid-19.

@DivHumas_Polri
#HumasPoldaKepri #Multimediapoldakepri 
#Polripresisi https://t.co/2pXkVaCj2i"
1467851823704788995,"manusia boleh berencana, ppkm yg menentukanüò≠"
1467851809133793280,"@HardiAhmad Dateng ke acara kajian;
Sebelum pandemi ke Komuji dan Maiyah (Kenduri cinta),
Selama pandemi dengerin ceramah KH. Nasaruddin Umar di YouTube,
Setelah PPKM Alhamdulillah bisa dateng ke kajian Buya Arrazy Hasyim langsung di masjid dekat rumah"
1467851130193735683,"@joyfuljiminiee @callaliIie mereka kec yugyeom pernah ngelanggar ppkm di korsel pas coronce lagi gila bgt gitu kak, trs ketauan sama dispatch trs ya gitu dech jadi rame. search aja di google kak beritanya masih ada kalo ngga salah"
1467851019367243790,Pemkab Sukamara akan Terapkan PPKM Level 3 dan Masyarakat Diingatkan Prokes https://t.co/tugOfLTz6Z
1467850941760094208,"#LIVE Wawancara bersama Ketua Umum Asosiasi Pengelola Pusat Belanja Indonesia, Alphonzus Widjaya tentang Pengaturan kapasitas mall selama PPKM Level 3 sebanyak 75 persen.

Selengkapnya dengarkan PRO 3 RRI"
1467850720434999301,Pemerintah Perpanjang PPKM Luar Jawa - Bali 7 Hingga 23 Desember 2021 https://t.co/BALoGbIDf6
1467850673672708098,@95VAN7E hahaha mereka kec yugyeom pernah ngelanggar ppkm korsel gitu kak pas coronce di korsel lagi gila2an trs ketauan sama dispatch trs ya gitu deh search di google beritanya masih ada kalo ngga salah
1467850627988348933,"Ya allah semoga perjalanan ka jarak jauh dikurangin kek pas ppkm level 3, keterlaluan amat ini nunggu krl cikarang 20 menit lebih"
1467850454600077317,@jinieforin @BTS_twt Akhirnya rinnnn keburu ppkm lg watir alea wkwkkw
1467850030392381448,"sing maksain muktamar NU digelar dalam waktu PPKM, berarti bisa disebut tidak taat aturan pemerintah, dan tidak peduli kepada keselamatan bangsa.

siapa poliTIKUS yang bermain di balik itu yaa???

#mesakakeRoisAam"
1467849808899502084,@STerkasih Ada . Molai tgl 20 ppkm
1467849678209228803,Jadi PPKM lagi gak sih?
1467849517772902400,@Bang_Garr Ada rumor katanya tgl 24-januari ada ppkm lagi.
1467849110359199745,@Bang_Garr PPKM natal bang
1467848906293710852,"Pemprov Jabar Salurkan Bansos PPKM Rp1 Miliar untuk Warga Sumedang, Berikut Rinciannya
 https://t.co/GO80JC2HL2

#bansos #ppkm #Sumedang #Jabar #berita https://t.co/pDxVA9AZoZ"
1467848745274339338,#PPKM #Luar #JawaBali diperpanjang 7-23 Desember https://t.co/V71YPlrKg8
1467848670846488577,"@mymunstar dark jokes al, malah tadi ada yg bilang sirkel ppkm wkwkw ngakak bgtüò≠ mereka kalo nongki lagi bakal gonjang ganjing sih"
1467848507050455044,Pengumuman! Pemerintah Perpanjang PPKM Luar Jawa-Bali https://t.co/ZfvgZ6kdOB
1467848488373293059,"@flufflybbe Iyaa awal tahun, semenjak ppkm nih susah banget mau perjalanan dinas tuh üò≠"
1467848324665405440,"Disnaker Kota Jayapura khawatir Penerapan PPKM level 3 di masa pandemi Covid-19 akan menganggu aktivitas dan efektivitas pekerja baik di sektor formal maupun informal. 

#PapuanLivesMatter 
https://t.co/IrIYjjg45x"
1467848247704096774,"Ops Yustisi dalam rangka Pemberlakuan Pembatasan Kegiatan Masyarakat (PPKM) Level I Covid-19 di wilayah Polsek Tugu.

Senin, 06 Desember 2021 https://t.co/2s70y2QFxj"
1467847460487786497,"@AOSBADUYtm007 @KakaKeyo Mantaps lah...
Sblm  ppkm"
1467847179586867200,"Mau tiga Priode 
Perpanjang az PPKM sampai 2024 dgn begitu Pemilu ditiadakan alasan pandemi...
Langgeng ...dah https://t.co/RRMTzzAamB"
1467846885213835264,"PPKM Luar Jawa-Bali Lanjut hingga 23 Desember, Airlangga: Pemerintah Terus Monitor Varian Omicron https://t.co/eEPy6KrbuJ"
1467846703726280709,"@MohammadFikriB7 jadi kerjanya kita sebagai verifikator atau pendaftaran Medical Check-up, lokasi di malang mulai tanggal 20des-30jan. tanggal 24-4 libur dikarenakan ppkm"
1467845091305816071,"PIKET POSKO SIAGA BENCANA &amp;
PIKET POSKO PPKM MIKRO COVID-19  KELURAHAN KAMAL
Senin , 06 Desember 2021
@DKIJakarta @kotajakbar @SatpolPP_DKI @aniesbaswedan @ArizaPatria 
#KelurahanKamal https://t.co/GmHxrK8Ttz"
1467845038738657280,"""Nanti PPKM level 3 ada beberapa tempat wisata potensial kerumunan itu ditutup. Tempat wisata Ragunan, termasuk RPTRA akan ditutup sementara."" https://t.co/vQWHU4HF5B"
1467844979359842304,"Rangkuman Covid: PPKM Luar Jawa Diperpanjang, Booster Vaksin Januari https://t.co/8LRNn3ZoIF"
1467844803995918345,Gubernur Sulteng Berlakukan PPKM Level 3 Jelang Natal 2021 dan Tahun Baru 2022 https://t.co/Mea3AxkDmk https://t.co/4abb60k4Nm
1467844703403925513,Udah ga ada PPKM tp rasanya masih PPKM (Pelan-Pelan Kangen kaMu) üòÖ
1467844661876125698,"@txtdaritiok jadi kerjanya kita sebagai verifikator atau pendaftaran Medical Check-up, lokasi di malang mulai tanggal 20des-30jan. tanggal 24-4 libur dikarenakan ppkm"
1467844629722587136,"@berjalankekiri jadi kerjanya kita sebagai verifikator atau pendaftaran Medical Check-up, lokasi di malang mulai tanggal 20des-30jan. tanggal 24-4 libur dikarenakan ppkm"
1467844588249382912,"@GalangpratamaP jadi kerjanya kita sebagai verifikator atau pendaftaran Medical Check-up, lokasi di malang mulai tanggal 20des-30jan. tanggal 24-4 libur dikarenakan ppkm"
1467844561477128197,"@masrud_ jadi kerjanya kita sebagai verifikator atau pendaftaran Medical Check-up, lokasi di malang mulai tanggal 20des-30jan. tanggal 24-4 libur dikarenakan ppkm"
1467844537204629505,"@MrForeoN jadi kerjanya kita sebagai verifikator atau pendaftaran Medical Check-up, lokasi di malang mulai tanggal 20des-30jan. tanggal 24-4 libur dikarenakan ppkm"
1467844520461090827,"Kembali, PPKM Luar Jawa-Bali diperpanjang Hingga 23¬†Desember https://t.co/5TGcgaZxrm"
1467844301761568768,@elzelemon @callaliIie ppkm tuh apaaa??üò≠
1467844010236538884,"Ringankan Beban Masyarakat Terdampak PPKM, Dinsos Jabar Salurkan Bansos Tunai

https://t.co/qraYtzFvkZ

#Jabarnews #beritalokal #beritahiperlokal #harianjabar #jabartoday #beritajabar #beritajawabarat #PPKMKotaBandung #DinsosJabar #BansoaJabar"
1467843776416653313,"Menurut Airlangga, kriteria penerapan PPKM di luar Jawa-Bali ditetapkan berdasarkan level asesmen situasi pandemi dan capaian vaksinasi.

https://t.co/4zZL4tvD3I"
1467843693956591618,"Kutim‚Äì Personel Polres Kutim bersam Tim gabungan dalam kegiatan PPKM melaksanakan kegiatan penerapan disiplin dan penegakkan hukum protokol kesehatan covid- 19 pada titik keramaian.
.
#Poldakaltim #Kaltim #kamihumaspolri #ProgramPrioritasKapolri https://t.co/Zocqwrp1fs"
1467843656149180418,"Kutim‚Äì Personel Polres Kutim bersam Tim gabungan dalam kegiatan PPKM melaksanakan kegiatan penerapan disiplin dan penegakkan hukum protokol kesehatan covid- 19 pada titik keramaian.
.
#Poldakaltim #Kaltim #kamihumaspolri #ProgramPrioritasKapolri https://t.co/lbIZAP8PKK"
1467843626117984260,"Kutim‚Äì Personel Polres Kutim bersam Tim gabungan dalam kegiatan PPKM melaksanakan kegiatan penerapan disiplin dan penegakkan hukum protokol kesehatan covid- 19 pada titik keramaian.
.
#Poldakaltim #Kaltim #kamihumaspolri #ProgramPrioritasKapolri https://t.co/TOrCDIs1ll"
1467843542538092551,Pengumuman! Pemerintah Perpanjang PPKM Luar Jawa-Bali https://t.co/q0QOWOSJJ7
1467843504546226187,"Rapat Terbatas Evaluasi PPKM, Percepatan Vaksin ke Anak #AirlanggaHartarto #Nasional https://t.co/Ktlntg0mQi"
1467843265281945601,"Pemerintah Perpanjang PPKM di Luar Jawa-Bali Hingga 23 Desember 2021 Meski Tren Kasus Menurun https://t.co/ZinWgRq8Ge

@fadjroeL @Jokowinomics_id @PerekonomianRI @airlangga_hrt @KemenkesRI @KemenBUMN @BNPB_Indonesia @lawancovid19_id"
1467842662292025348,"Berstatus PPKM Level 2, Pemkab Purwakarta Genjot Target Percepatan Vaksinasi
https://t.co/cilMeKUX6c https://t.co/9wxrgf1nIv"
1467842056143835139,"Niatnya cuma mau nganter barang , malah nglewatin kayak beginianüòÇ gapapalah ya itung¬≤ menyelam sambil minum air.. üòÇBtw, gara¬≤ ppkm jadi udh gaada yg kesini https://t.co/FtqII7DFMx"
1467842035642032129,@jogmfs Sepertinya tanggal yg anda pesan masuk jadwal PPKM akhir tahun
1467841692854149123,@elzelemon @callaliIie mksd nyaa ppkm aapüò≠üò≠
1467841312598622208,Airlangga: PPKM Berdasar Level Asesmen Situasi dan Capaian Vaksinasi https://t.co/iJqBIW4yJu
1467841259192532997,"Dalam upaya untuk mengendalikan pandemi, pemerintah kembali melanjutkan PPKM luar Jawa-Bali hingga tanggal 23 Desember 2021.

""Khusus di luar Jawa-Bali akan ada perpanjangan PPKM dari tanggal 7 sampai dengan 23 Desember 2021,"" kata Menko Airlangga. https://t.co/OfVPaWxpkl"
1467841244629929984,PPKM Luar Jawa-Bali Diperpanjang Hingga 23 Desember 2021 https://t.co/zxhp0lrEXz
1467840928303882247,PPKM luar Jawa-Bali diperpanjang 7 hingga 23 Desember https://t.co/6QOm0ujGd7
1467840373217136640,Pemko Padang Berlakukan PPKM Level 3 Saat Libur Nataru via @langgamid https://t.co/NQLUtCIqg2
1467840249522917382,"@txtdrpemerintah Halah , giliran molibur PPKM asu"
1467839966671564801,"@nuicemedia Kayaknya load wfo yg sudah menormal, tidak diikuti oleh kesiagaan driver, letih bisa jadi. Ga fresh pas mengemudi. Pernah liat tidur saat jam sibuk pagi kemudian di bangunkan oleh penunggu di halte ..smga bsa sgra evaluasi. Hrusnya kelar ppkm bisa nunjukkin project baru yagasih"
1467839708025606146,"Abis balik jogja. Aduh rame banget 
Kayaknya ini orang-orang pada memanfaatkan waktu sebelum ppkm deh"
1467839299429158913,@sbrnchrnns Antigen. Selama PPKM Lvl 3-4 belum berjalan.
1467839287890571264,"Kodim 1207/PONTIANAK Laksanakan PPKM Skala Mikro(Senin, 6/12/2021)

Pendim 1207/Pontianak

#TNIADMengabdiDanMembangunBersamaRakyat 
#pendim1207Pontianak https://t.co/RJisfGNyhq"
1467839226360184834,"Sosialisasi PPKM Skala Mikro Oleh Satgas Tangkal Covid-19 Kodim 1207/PONTIANAK

(Pendim 1207/PONTIANAK)

#TNIADMengabdiDanMembangunBersamaRakyat 
#pendim1207PONTIANAK https://t.co/gRb5eWefKq"
1467839178930987012,BNTR LG NATAL YATUHAN MALAH PPKMüòÉ tp gpp demi si kopit ga meningkat lg hehe‚ù§Ô∏è
1467839052674076672,"Pemerintah kota berencana menggelar rapat evaluasi PPKM level 1 pada, Selasa (7/12) pagi. Rapat evaluasi ini juga melibatkan unsur Forkopimda Pekanbaru.

""Besok pagi kita rapat evaluasi bersama Forkopimda, sekalian persiapan Natal dan Tahun baru,"" pungkasnya."
1467839007027462144,"Menurutnya, pemerintah kota belum bisa memastikan untuk tetap menerapkan PPKM level 1. Status PPKM di Kota Pekanbaru tergantung hasil evaluasi Satgas nasional."
1467838854451191810,"Penerapan Pemberlakuan Pembatasan Kegiatan Masyarakat (PPKM) level 1 di Kota Pekanbaru berakhir, Senin (6/12/2021). Pemerintah Kota (Pemko) Pekanbaru masih belum menentukan sikap terkait kelanjutan level PPKM.

Sumber: https://t.co/8ZvwTqePvL
#infoPKU #Pekanbaru #ppkmpekanbaru https://t.co/myHIkaep2C"
1467838648087289861,Minggir u smua. Sirkel ppkm yang digrebek dispanci mau lewat https://t.co/zW7Q5BrarY
1467838612939034626,"Bsq ud Mulai PPKM oii pmrinth gk ad otak kelen covid it klian yg ada¬≤i, proyek klen, gk mkir otak klen rkyt mw mkn ap, bt walkot medan kau tutup it kesawan square klo mmg PPKM bsq jgn proyek klen gk klen ttp, rkyt cr mkn klen tutup azab lh sm klen rzim gk ad otak @tvOneNews"
1467838123354644486,"Sebanyak 40 personel kepolisian disiagakan di lima pintu masuk Kota Bandar Lampung dalam rangka penyekatan jelang perayaan Natal 2021 dan Tahun Baru 2022 (Nataru).
#Nataru #nataru2022 #ppkm #penyekatan #penyekatanbandarlampung #ppkmlampung #lampostco
https://t.co/Lfdxjv6X8m"
1467838012973142016,"TETAP PATUHI PROTOKOL KESEHATAN 

Jelang libur akhir tahun dan hari natal,
PPKM LEVEL 3 akan diterapkan.
Pemberlakuan PPKM Level 3 berlangsung dari tanggal 24 Desember 2021 - 2 Januari 2022
PPKM membatasi mobilitas masyarakat dengan tujuan menekan laju Covid-19 di Indonesia https://t.co/ZlVvIvD4vR"
1467837446863790080,"Kota Cirebon, Jawa Barat, yang sebelumnya berada di level 1 PPKM bakal berubah menjadi level 3 selama momen libur Nataru. #publisherstory https://t.co/zia8cO0Rdl"
1467837250549338114,Papua Disnaker Kota Jayapura khawatir PPKM level 3 ganggu peningkatan efektivitas pekerja https://t.co/2atNNX01Ws https://t.co/Cql8tb6743
1467837245805580291,Disnaker Kota Jayapura khawatir PPKM level 3 ganggu peningkatan efektivitas pekerja https://t.co/kPiOjwguQo
1467837221080223744,@jirsooyaa LUCU BANGET GANG PPKM
1467837151333085188,@gwoogiie iya soalnya ppkm ya.. tpi dah terbebas dari beban overthinking
1467836219774029829,"Dikasih level ppkm 3/4 masih masuk akal. Dikasih larangan pergi dg dipersulit ganjil genap, tes2 terus, masih masuk akal. Dipaksa tetap sekolah utk anak2, nah anak2 kan bukan robot. Diklik tombolnya lsg mau belajar gt? Ada2 aja."
1467836139872477191,@AboutTheRains itu geng ppkm
1467835998285402116,Kalo sirkel ppkm mah yugy gk ada wkwkwk https://t.co/YXumojFF46
1467835943029673986,"@extracrunchyy Kayaknya sih gitu huhu. Sediii banget
Bisaku weekend deh kak kayanya
Minggu depan gimana? Sebelum ppkm üò≠"
1467835827677970432,PPKM Luar Jawa-Bali Tetap Diperpanjang Hingga 23 Desember https://t.co/h9U6mt9HxU
1467835759897890818,@SFT00SANHA // waktunya yang kagak ada san bentar lagi ppkm lagi mendekati nyuyer
1467835666138427395,ppkm itaewonüò© https://t.co/MaxKW9vazR
1467835521942519815,@fajrisanjuu @ahs8an masih ppkm juga ga bisa malem
1467834911285407752,Menko Airlangga: PPKM Luar Jawa-Bali Dilanjutkan hingga 23 Desember https://t.co/RxgMPJnrWp
1467834734138904581,@is_pelssy Yg bacakan ppkm sama yg buat aturan ppkm msh ada umur Bang. Coba klo gak ada umur paling semua arwah pd diem di lokasi masing2.
1467834603360505861,@littlecrackh3ad ppkm ka jaga jarak.. wkwkwk
1467834341019373577,@apurpletea geng melanggar ppkm
1467834224489086980,"@autumnpeach88 Biasanya kalo nongkrong mereka yang apdet kek ""hai kita lagi bareng nih"" giliran sm jaehyun yang apdet dispatch ""hai idola kalian melanggar ppkm nih"" HADAHHHH"
1467833611818729474,@rivanisasi Bahkan beberapa bulan sebelumnya rajin olahraga terutama futsal karena sudah jadi kegiatan rutin setiap minggu tapi karena waktu itu adanya PPKM Level 4 imbasnya futsal ditiadakan sampai situasinya benar-benar aman üòÖ
1467833592675921922,"@WMaulana_ Ppkm spesial edition tahun baru üòÖ
#INFINITY8ELIEVE"
1467833371938070532,"Menjelang penerapan PPKM Level 3 serentak di seluruh Indonesia. Satpol PP Kota Cirebon Jawa Barat melakukan koordinasi dengan pelaku usaha, perhotelan, dan tempat hiburan. #publisherstory https://t.co/K4tNImG0Fe"
1467833105931141121,"Sepanjang tahun 2020 hingga 2021, usaha warung dan toko kebanyakan tutup dan sepi krn PPKM. Bgmn nasib produk minuman sprt kopi, susu, dll? Tentu barangnya tidak terjual di periode itu, dan produk skrg ini adlh produksi baru. Apa ada yg tahu barang2 tsb lari kemana? üëÄ"
1467833072573984773,Keterangan Pers Menko Perekonomian Usai Mengikuti Rapat Terbatas Mengenai Evaluasi¬†PPKM https://t.co/N3KRahTf8w
1467832510574829571,"PPKM Level 3 Akhir Tahun, Bioskop hingga Tempat Wisata di Bandar Lampung Tutup, Senin (1/12/2021)

Baca selengkapnya di:
https://t.co/ZHc4efLAZn https://t.co/BYoyI8Xwar"
1467832497941585921,@kasejeongie belum katanya takut ppkm
1467832221939613699,@FJKT48_Bandung Tong heula da bakal ppkm deui :((
1467832011809120259,Tiba-tiba pengen naik kereta jalan-jalan tapi malah mau PPKM :)
1467831808796418058,@autumnpeach88 Sekalinya jaehyun ikut nongkrong juga ga post foto soalnya lagi ppkm:)
1467831693813813251,"Ada kabar kurang sedep, tgl 20 katanya ppkm lagi..hati hati ini kabar aja bukan surat edaran."
1467831516696748032,"OPS YUSTISI COVID-19 

Kegiatan Rutin Yang Ditingkatkan (KRYD)
Sesuai Instruksi Bupati  Grobogan
Nomor : 12 tahun 2021 tentang PPKM Level 1
Dalam Upaya Pencegahan Penyebaran Covid-19 https://t.co/liZWyUKrRN"
1467831220893409287,Gubernur Sulteng Berlakukan PPKM Level 3 Jelang Natal 2021 dan Tahun Baru 2022 https://t.co/ur0GR2V5tU
1467831205315833860,"PPKM Diperpanjang, Daerah dengan Vaksinasi di Bawah 50 Persen Naik Satu Level https://t.co/n7HPw1U4e2 #harianmetropolitan #beritabogor #metropolitanid"
1467830962134290432,"@baiwinvy Iyaa, indo aja udah narik rem ppkm lagi gak mau kecolongan. Gak ada otaknya itu gmm emang"
1467830857075286023,"Babinsa Serda Joko Purnomo Koramil Pedan Kodim 0723/Klaten bersama Polsek Pedan melaksanakan kegiatan Patroli Penegakan PPKM Level 2 Di wilayah Kecamatan Pedan
#Kodim0723Klaten
#Korem074Wrt
#KodamIVDiponegoro https://t.co/b56tNWXzFo"
1467830719888060422,@iiyyaamm__ Gasss dongggg. Why not? Semoga ppkm nanti ga semakin parah.ü§™
1467830688028102663,@katanyaaci malang aja. ppkm
1467830528153817092,motivasi ngerjain uas cepet cepet : biar bisa pulang sebelum ppkm
1467830525905846275,"Babinsa Serda Joko Purnomo Koramil Pedan Kodim 0723/Klaten bersama Polsek Pedan melaksanakan kegiatan Patroli Penegakan PPKM Level 2 Di wilayah Kecamatan Pedan
#Kodim0723Klaten
#Korem074Wrt
#KodamIVDiponegoro https://t.co/7J6ZIsNedI"
1467830345118609409,"PPKM Covid-19 Level 3
24 Desember 2021 - 02 Januari 2022

#polripresisi #divisihumaspolri #poldajateng #polrestabanyumas #polsekkebasen #kebasen #purwokerto #banyumas https://t.co/aP6yDKUY2g"
1467830175186370562,"Menko Airlangga: Cegah Varian Omicron, Pemerintah Evaluasi PPKM, https://t.co/MHOaAnk1nJ"
1467830033574027270,@hiialann hilinggg gih sblm ppkm wkwk
1467829875897614336,@Pinokaio Heem mau pulang males ada ppkm
1467829609215324165,"Satpol PP kabupaten Grobogan melakukan Patroli Pengawasan PPKM Level 1 Protkes Pengendalian Covid-19 di wilayah Kabupaten Grobogan pada Hari Senin tanggal 06 Desember 2021, Sore Hari
@ditpolpp_linmas @satpolpp_jateng @SumarniGrobogan @humasGrobogan @diskominfo_grob https://t.co/UaRWG52iN8"
1467829459180949511,"Babinsa Koramil Muara Tebo Hadiri Rapat Koordinasi PPKM Mikro Dan Posko Penanganan Covid
https://t.co/tEmOl4g6xq https://t.co/rErh1RlkCK"
1467829148043284480,@baihaqiidrs Persiapan PPKM
1467828673520619520,"Menurut Airlangga, kriteria penerapan PPKM di luar Jawa-Bali ditetapkan berdasarkan level asesmen https://t.co/yO5jLGGinn"
1467828669213151233,"PPKM Level 2, Kapasitas Bus Transjakarta Tetap 100 Persen

https://t.co/8k0p4NYsSo"
1467828545078448132,Polsek Sukagumiwang Sosialisasi 5M Dalam Rangka Ppkm di Pasar Tradisional https://t.co/S70RjcH5nL lewat @wpvkp
1467827977845030913,@or9il Udah ga ppkm jadi ga keluar di berita
1467827912061886464,"@ika_nafiani busettt, kampusmu wes siap ppkm neh ik"
1467827895804391424,"HMI Pustara Sebut Gelaran Muktamar NU Tidak Pas Digelar di Masa PPKM Level 3
#HMI #KAHMI #KOHATI #FORHATI @MNKahmi 
@KahmiNasional
@kahminasionalRI  https://t.co/Si3PsfnKdG"
1467827841135906817,"@potatodonut Karena pas ketat2nya ppkm (?) di sokor, mereka malah kumpul2 wkwkwkwm"
1467827590954381322,"@contactap2 oalaah berarti selama PPKM level 3 nanti tidak ada persyaratan khusus ya min? hanya swab, sertifikat vaksin, dan e-hac?"
1467827498477973506,@metavins kenapa kok dibilang circle ppkm sih wkwkwkw
1467827484955590661,"Apa yang Perlu Diperhatikan Selama PPKM Level 3 Periode Nataru?

https://t.co/hlK1IfYh52"
1467827444258197504,@FatinShl Gara2 ppkm aq hujat dia skrg cinta.
1467827421885861888,"Apa yang Perlu Diperhatikan Selama PPKM Level 3 Periode Nataru?

https://t.co/7jymDRfHlA"
1467827346971389958,"Apa yang Perlu Diperhatikan Selama PPKM Level 3 Periode Nataru?

https://t.co/yoGZ6hC68j"
1467827281825386496,"Apa yang Perlu Diperhatikan Selama PPKM Level 3 Periode Nataru?

https://t.co/noS3flwZGC"
1467827272111452165,@sbyfess Kapene ppkm maneh loh hahaha
1467827264653955074,Sebetulnya tanpa ppkm pun harusnya masyarakat tetap jaga jarak..üëåüí´prokes tetap...vaksin lakukan...masker yg bersih...soal ekonomi tetap brjalan biasa. üëåüí´Hny kumpul2 ..mal ..tmpt hiburan yg di utamakan tutup.‚òùÔ∏èüí´üíê Smp dunia mngakui sdh selesai wabah covid. ‚úå https://t.co/z2p8cCvZp7
1467826796846481416,@Yaamasasetan PPKM
1467826730949771264,"mending diganti hari liburnya, ini engga:')
keknya gua rasa pun cukup deh ppkm level 4/5 gaperlu sampe kaya gini, murid jg cape butuh istirahat even do cuma dirumah tapi seengaknya tuh libur gitu, dimana hati nuraninya ya orang yg buat kebijakan kaya gini:') #libursemester"
1467826697475031050,@WangXiLei777 @gid_osteo @bangpandaa Hahaa minggu depanya udah tanggal tua sama mepet ppkm ya
1467826696183115777,"@basicgvrl Engga sehh, pengen ae keburu ppkm kim"
1467826337679233029,"@txtdrpemerintah Udah vaksin, pcr dll. Tpi Lebaran dan hari besar lain ujung2nya PPKM üôÉ https://t.co/vOUdjlRq6H"
1467826234780311553,"Pas keluar sama jaehyun gabisa post foto soalnya lagi ppkm, tp tetep keciduk satgas juga hadehhhh https://t.co/RIw1b0lP86"
1467826031503441924,@aleneversad ppkm banget gk tuuuuh wkwk
1467826031004323844,HMI Pustara Soroti Munas NU Berbarengan dengan Pemberlakuan PPKM level 3 https://t.co/gQvt34Xpad
1467825788724539393,"kata mama Natal ini gaboleh nyanyi lagu ""Mari Berhimpun"" karena lagi ppkm ü§£"
1467825761381933060,Airlangga Hartarto menyebutkan bahwa masih ada wilayah di Indonesia yang vaksinasinya masih dibawah 50 persen. Mana saja? https://t.co/HVasQDqpxw
1467825760517849092,@aleneversad sirkel ppkm gatuhüôÉ
1467825665210601475,"Kombinasi paling menarik dari minggu ini adalah semua campaign akhir tahun klien deadline di 17 Dec, krn akan ada PPKM, kan‚Ä¶ dan anak w PAS ü§™

Terasaaa memabukkaaann! Haha"
1467825545664614402,@secretreceipt Hayuu ksna wkkwkw apakah desember akan ppkm lgüò≠
1467825354140446723,-ness libur nataru kan ppkm tuh boleh naik pesawat gaksii??
1467825353259302917,@11doms_ sedih bgt ppkm lagi :((( tp banyak yg nonton deh kayanya kemaren kemaren dom
