,clean_tweet
0,sesuai sepakat buruh tangerang raya tolak tetap umk banten ancam aksi besarbesaran
1,demo buruh yg jubel izinmakin terang benderang
2,demo buruh rentan tunggang provokatorayo disiplin prokes
3,buruh pp kemarin demo gak tuh pasal yg polisi yg pasien bal simpatisan opm asoy aja sampe tawur sila diumpetin mana
4,beri buruh upah kering keringat hr abu yula
5,gaji klau boss x kasi full janji report dkt jabat buruh x
6,ratus buruh gabung forum komunikasi kerja kebun fk gelar demonstrasi kantor pemkab dprd jember rabu
7,buruh ngeluh ump dikit bahlil yus samasama jiwa
8,buruh g hati bajing
9,kena perkasa jabat buruh malaysia singapore jabat buruh orang sistematik saman company langgar arah
10,kudu redefinisi ulang paham definisi buruh kali selebgram
11,lulus s mamarika ubah pp buruh dkijakarta kemnaker bro wenang kemnaker uang servis angkat henti dewan pengupahanthr struktur skala upah
12,yuk jiwa gaji sama gaji buruh
13,buruh kerakter kelas bnyak buruh yg oportunis induvidualis sok cere kondisi sosial gila jabat
14,bahlil ajak buruh jiwa tuntut upah bukti petinggi negeri penting pemodaltuhan bkn orang arab bukti kata petinggi negara keruh pancing ricuh publikrusakrikrnnya
15,ga komen pp mahasiswa buruh demo knp skrg umat islam dmn bpk jg islam kumpul silaturahmi suara damai sulit knp ga difasilitasiemang corona bs pilih kerumun silalahi
16,netizen ig emg otak ngga miris gue baca komenan yg sudut buruh
17,demo buruh rentan tunggang provokatorayo disiplin prokes
18,direktur eksekutif pusat politik sosial indonesia puspolindo dian cahyani langkah anies baswedan merespon tuntut buruh buruh demoburuh ump
19,waspada ancam demo juta buruh protes naik umpayo disiplin prokes
20,terima tetap umk buruh sebanten mogok kerja desember via
21,waspada ancam demo juta buruh protes naik umpayo disiplin prokes
22,demo buruh rentan tunggang provokatorayo disiplin prokes
23,klo polisi ga adil rakyat melawankemarin demo buruhdemo ormas pp ga larang gilir dilarangada dgn polisiapa sdh jd bela anti islam
24,perintah menindaklanjuti putus mk aju surat kepala dpr ri masuk revisi uu cipta kerja dalam prolegnas prioritas pro buruh
25,buruh tangerang raya tolak tetap umk provinsi banten
26,kalo dalih langgar uu prokeskmren unjukrasa buruhmahasiswakok bolehtegas pokok umat muslim larang bicaratitik
27,dampak negatif rakyatnyaribuan buruh korban omnibuslaw
28,pdkng jenderal kardus n jenderal baper kampret ngak malu bahas hutang sang jenderal sj byk hutang pribadi kengr ngak pd ngaca sih ya pdkngnya duh tolol banget ktnya karyawannya sj blm gaji mlh sejahtera buruh ktnya ngakak guling jokowiperiode
29,buruh demo cebong demo gak baoleh umat islam
30,gaji buruh pengaruh didik buruh sekolah anak
31,elu lihat untung kapitalistik elu sadar buruh bayar upah murah
32,sistem ekonomi islam sehat amp didik adl tanggung negara sepenuh sistem untung buruh usaha persatuanumatislam
33,coba yg buruh
34,antipki kemaren kemaren mahasiswa buruh demo
35,si produk kerja fadel ngabisin uang negara teriak tambah belanja buruh teriak perbaikjan umr kau diam
36,pdkng jenderal kardus n jenderal baper kampret ngak malu bahas hutang sang jenderal sj byk hutang pribadi kengr ngak pd ngaca sih ya pdkngnya duh tolol banget ktnya karyawannya sj blm gaji mlh sejahtera buruh ktnya ngakak guling jokowiperiode
37,kerja korupsi bohong buruh kerja hidup buruhhhh merdeka
38,buruh kerja hiduppppburuuuuuuh
39,heran deh pegawai kantor dewadewakan diistimewakanjadi buruh kaya wajar wajar kerja jam rumah klo pegawai ya forsir
40,kemarin demo buruhada demo ormas pp ga larang knp larang bilang sj islamophobia
41,serikat kumpul gak larang spt aksi buruh kmaren ato aksi yg aparat wajib jaga elemen bangsa kumpul larang demokrasi paham
42,kecewa umk jatim buruh tagih khofifah soalumsk
43,serikat kumpul gak larang spt aksi buruh kmaren ato aksi yg aparat wajib jaga elemen bangsa kumpul larang demokrasi
44,golong stratifikasi masyarakat feodal liput tani dagang buruh
45,deno buruh dll ijin ijinkan ijin salah syarat unjuk negara demokrasi
46,bajing bener orang ri gara uang yg rang tdk mbacot diem sahkan undang yg kurang hak buruh
47,pdhl karywan yg dpt manis dr yg demo tp klo komen akan buruh
48,umk sukoharjo bawah khl buruh kecewa ekonomi
49,pdkng jenderal kardus n jenderal baper kampret ngak malu bahas hutang sang jenderal sj byk hutang pribadi kengr ngak pd ngaca sih ya pdkngnya duh tolol banget ktnya karyawannya sj blm gaji mlh sejahtera buruh ktnya ngakak guling jokowiperiode
50,aya kalkulasi nu sumputken ku usaha nu matak upah ngahejen te naek eta nu kudu korehan jamaah save buruh cc kang p ruhimat
51,kemenker penting pengusahasemua harga upah naikgubernur nya juang hak buruhbeda politik kbkb mun poho jadipolituk mun pohopas keur kampanye nyalampeurkeun ka buruh da geus sidik suarana lobageus jadimah hare
52,kata manajer buruh suruh kursus manajer
53,kelas tengah demo bawa pamflet yg tulis nyeleneh gilir buruh yg langsung hujat yg org suruh sabar damn
54,niaga negara asia tenggara keluar produk getah milik ladang kelapa sawit sasar dakwa bahawa buruh paksa
55,papua kkbopm demo rangkulburuh demo naik upah rangkulumat islam ulama reuni dipukulrezim islamophobia pan dpr gerindra
56,didik dapet gaji minim ngekuh ya wajar buruh dapet gaji umk ngeluh ajar
57,lepas tandatangan protokol ilo malaysia wajib hapus buruh paksa
58,tolak aksi demo buruh tunggang kelompok penting
59,tolak aksi demo buruh tunggang kelompok penting
60,yg ngerasa hidup wawas drpd buruh
61,demonstrasi buruh simpati masyarakat
62,buruh jiwa tuntut upah tenggelam omnibuslaw menteri jajar jiwa tunjang gaji turun
63,syukur silah syukur aja gk yg larang nikmatin pilih klo rasa sdh usaha nya gk adu nasib dgn demo buruh yg demo gk syukur bgian dri ikhtiar dapetin hak yg layak
64,buruh hari bebas aksi massa alas sedikit larang aksi damai aksisuperdamai
65,masyarakat tolak aksi demo buruh tunggang kelompok penting tingkat tular virus corona lemah ekonomi
66,ngedebus balwong kowe pangan yo soko buruh we
67,mandalikademokrat tandingandemo buruhdoa agustus g kumpul
68,asmara mantan aktivis buruh labuh gak paham kaum buruh
69,miris jabat gaji super aja korupsiburuh jiwa hukum mati koruptor masyarakat jiwa
70,selesai didik gaji gaji rapel tulang kirim uang juta an mamanyasekampung hebohanak janda buruh sawah hasil polisi tanah papua
71,egp emang gua pikir in mpr cengeng gilir hak rampas teriak gilir buruh yg teriak bantu merekamasalah upahmana suara cuek miris sedih
72,umk jatim ring i rp ribu adil buruh tuban
73,demo buruh rentan tunggang provokatorayo disiplin prokes
74,kspsi jabar seru aksi mogok nasional buruh susul tetap umk teken gubernur ridwan kamil ridwankamil
75,lamalama buruh bangun anggur butuh bangun tinggal print aja
76,usaha tenang sih ni negara nganut kapitalisme titik berat milik modal buruh mah manut aja butuh usaha didik buruh maafin buk ya kalo kadang tuntut
77,kongres aliansi serikat buruh indonesia salah elemen buruh langsung aksi gedung negara grahadi ancam diri tenda jalan gubernur suryo selasa ancam susul muncul khofifah indar parawansa gubernur jatim
78,paham usaha sulit gemes demo buruh tuntut upah terus habis pandemi perintah bingung bikin iklim usaha cocok
79,mbak wanda centang biru apa profesi buruh hak rawat mimpi nikah yg layak standar angela markel imuwan fisika politikus engh buruh hormat buruh
80,masyarakat tolak aksi demo buruh tunggang kelompok penting tingkat tular virus corona lemah ekonomi
81,pekan riak presiden anies sambut hangat buruh ngemper barengkebangkitanislamkebangkitanislam
82,pawang hujan balik demo buruh dingin suasana
83,bahlil jiwa gaji tunjang potong upah buruh bantu usaha ga bayar buruh
84,keras nulis opini jelek medsos buruh perempuan sudut pandang sosialita
85,ya buruh karyawan gaji kaya hak hak dar hidup penuh tugas gaji habis makan kaya hak oligarki perintah pelihara taipan
86,sombong pejabatpejabat aja sombong nama udah d blacklist dr masyarakat buruh jgn harap duduk kursi kuasa lagianda tuh nama aja yg populer prestasi nol
87,kongres aliansi serikat buruh indonesia salah elemen buruh langsung aksi gedung negara grahadi ancam diri tenda jalan gubernur suryo selasa ancam susul muncul khofifah indar parawansa gubernur jatim
88,micinn udah jd buruh pabrik kalo gabakal tau paitnya
89,negara bebas dapat tuntut hak apa kelas kerja dikabulin bandingin adu nasib honorer nuntut skincare nikah hak buruh dah
90,matchday buruhpemburuh
91,guru buruh aduh asa gmn ya dengernya
92,bu inne lepas tuntut buruh mens uu nomor pasal ayat ketenagakerjaan atur boleh masuk terang hubung emansipasi
93,hatur nuhun kang respon nya buruhkami ikut dukung programprogram perintah mohon harga butuh pokok umk rbu tutup butuh yg lainnyaberasminyaktelurtransportasi kontra
94,buruh udah hati tauk coba besar hati gaji kaya buruh usaha suruh besar hati buruh doang
95,brutus penting perut sendirikerja nggak adaminta uangmending petanipedagang guruburuh yg duduk mpr
96,buruh pimpin presiden sampe kepala dinas jiwa terima gaji rakyat sejahtera
97,teman jga yg kyk bgini pegawai bumn bilang buruh ratarata orang nda skolah asuu ko buruh setan ko otak kau yg kasi skolah
98,kongres aliansi serikat buruh indonesia salah elemen buruh langsung aksi gedung negara grahadi ancam diri tenda jalan gubernur suryo selasa ancam susul muncul khofifah indar parawansa gubernur jatim
99,si plonga plongo robot geblek sungguh miris butuh kaos wi butuh kau hadir respon buruh ya mmg dsr dungu akut
100,rutinitas mulih buruh driji tangan kaku gak iso tekuk plus kapal nek gak kuat angkat junjung kerja rong jam iso beseren owk neng kene ki kerja nek golek enak e tok kabeh pabrik sepi dadi yawes itung itung melu ramai dunia pabrik
101,brlajar dri org papua berani nyali lawan nyali kalah ama demo buruh
102,anies gentar temu buruh masalah lempar pusat anies sbg gubernur kepala daerah tdk berani ambil putus thdp nasib rakyat hebat kecut
103,goblok yg nyatapejabat keruk uang rakyat bansospun disikatsementara buruh paksa melarat
104,presiden kspi said iqbal pilih presiden partai buruh ungkap alas utama partai buruh gagal indonesia
105,buruh tolak umk selisih surabayasampang juta
106,dilukitlukit kemarin demo buruh pake pcx aerox r dsb
107,lha buruh nggak upah anggota mpr yg gaji pas potong anggar ngamuk rakyat jelata nggak gaji standard mpr wajib gaji gede samping tunjang suoer gede hahahahaah
108,mandiri ingt matisblm kena azab doa org zolimisy tdak iqlasampridho dunia akhiratuang sy rampas kalianmandiri pa makan uang buruh tdk malu kaliantlg dasco
109,ri gilir tetap ump buruh ribut mintak ampun demo tapih gilran tetap gaji fasilitas mewah jabat negara sadar ngak alir duit hasil kerja keras bayar andaanda sana
110,kongres aliansi serikat buruh indonesia salah elemen buruh langsung aksi gedung negara grahadi ancam diri tenda jalan gubernur suryo selasa ancam susul muncul khofifah indar parawansa gubernur jatim
111,akibat gagal cari muka anies itumakanya cepet cari muka buruh
112,generasi muda buruh pabrik gaji umr jtbulan modal skillklo tani jt nya klo sawah harga jt
113,mandiri id ri trimaksh pakmandiri sprtiny tdk pnya hati pakbuktiny rampas uanghasil seorg buruh sprti syyg udah brhasil jebak fa nybacaankarena andaberawal inirencanakan segeramana maukalo tau uang simpan susah payah ilang
114,langkah anies surati menakertrans turun biaya hidup buruh
115,kbr buruh gaji sdh dgn tunjang aja ms ngeluh gak buruh ehm emang nih pd gak otak
116,alhamdulillah manusia merdeka buruh perintah
117,bahlil anjing nih kau gaji buruh negara kyak bahlil
118,kongres aliansi serikat buruh indonesia salah elemen buruh langsung aksi gedung negara grahadi ancam diri tenda jalan gubernur suryo selasa ancam susul muncul khofifah indar parawansa gubernur jatim
119,ngeles wan abud cari kambing hitam biar gk seruduk buruh utk elektabilitas pdhl ump sepakat kadin jg loh demo buruh cepet deh cari kambing hitam kirim surat kocak wan abud
120,kongres aliansi serikat buruh indonesia salah elemen buruh langsung aksi gedung negara grahadi ancam diri tenda jalan gubernur suryo selasa ancam susul muncul khofifah indar parawansa gubernur jatim
121,bacot sia anjirrrwalaupun buruh karyawan peduli dgn buruh krna teman dri buruhwajarlah tuntut hak upah krna butuh bacot lu doang yg gede bahlul
122,mpr gabung asaja dgn buruh demoagar anggar gajih naik mpr dgn buruh
123,rakyat online unand hmi indonesia dirs ubofficial jk didu gatot ambon tv hassan tnial kspi buruh demo spy jokowi meumpampcabut uuckerjapasti cukin brokrn boneka dungu jokowi neopki gak empatykeraskepalanindas rakyatprocukongampjalankan printah luhutbpefendisimbolonbatak kristen yg kendalikanampmjajah islamdemo turunkanampbom jokowibatak kris gtbermakna
124,kongres aliansi serikat buruh indonesia salah elemen buruh langsung aksi gedung negara grahadi ancam diri tenda jalan gubernur suryo selasa ancam susul muncul khofifah indar parawansa gubernur jatim
125,buruh utk legowo
126,himbauan polisi buruh
127,sdm buruh sesuai kwalitas amp kuantitas sy usaha no problem naik upahnyatanya kerja buruh buruk tdk capai target tp upah yg maksimal netizen tdk asa demo thn buruh tdk henti sdh naik
128,ieu teh negara pancasila naonkirain mumpung pandemi start baik jenis investasi nkri dng buildbackbetteract via greennewdealbtw kerja kantor jg geram statement jg buruh
129,polkok dilarangancam pakai pasal lapis sdh kumpul kumpuldemo buruh mal wisata bolehkok reuni ndak bolehingat sdh boleh kapasitas penuhapakah acara islam larang ngitu
130,coba langsung ngomong aja buruh yg tgl uda bingung nyari pinjeman wkwk
131,pancasila demonstrasi buruh simpati masyarakat
132,pancasila demo buruh rentan tunggang provokator
133,kongres aliansi serikat buruh indonesia salah elemen buruh langsung aksi gedung negara grahadi ancam diri tenda jalan gubernur suryo selasa ancam susul muncul khofifah indar parawansa gubernur jatim
134,karakter kelas berak kebon noh liat ketua serikat buruh hidup mewah
135,cek artikel judul covid buruh kunjung harap islam moga allah berkah
136,ngepet nder buruh duit
137,buruh tani mahasiswa tuh
138,ajak jiwa butuh hidup layak ancam nggak penuh tuh gimana cerita buruh beri kerja nggak relasi kuasa daya beli lemah akibat tingkat upah rendah
139,iyaa kepo peduli beneran ken tau cringe gin emang asal cocok cakap pas ngechat ga angin ga ujan nanyain dapat naik upah buruh bikin kacau
140,dasar yg jabat dewan n pemerintahnegeriruwetnegeriparabedebah
141,mpr gabung dgn buruh demo anggar naik
142,udara kau hirupburuh pabrik gas lpg
143,semangat nulisnya buruh proses haloooo terimakasih yaaa
144,aman manusia buruh istirahat loh
145,daftar lengkap umk jawa timur sesuai surat putus gubernur jatim nomor kpts demoburuh buruh umk umksurabaya umkgresik umksidoarjo demo
146,mahasiswa buruh demo teriak turunin jokowi gimana bang sebut kadrun
147,pokok buruh sengsara hidup jelek rasa derita kelas gak hak bahagia
148,aneh aja orang ngebandingin demo buruh pabrik honorer buruh pabrik padat modal gaji mah ga nurunin dapat boss boss ga kayak guru guru honorer gaji kena dampak yg suka pakai anggar
149,sedih udah bela bain nahan jajan ngumpulin uang sisa sawer sampe uang buruh sodara biar bayar cicil eeeeeh ajaaa
150,fspip kasbi aliansi buruh jateng demo tuntut umk persen
151,yg demo buruh klarifikasi investor aneh
152,buruh aktif yg butuh hasil kerja anak saudara tetangga teman sekolah amp juta orang butuh kerja amp penghasilankalo gaji investor enggan masuk amp usaha yg macet amp kabur rugi
153,umr gaji buruh pabrik yg juta mbak ngelamar nih
154,ns demo buruh rentan tunggang provokator
155,padahalgara omnibuslaw yg sulit nasib buruh
156,gaji buruh rb tahun diem diem bae situ sehat
157,jabat yg jiwa naik upah buruh
158,buruh upah rendahpejabat upah gitu ya
159,gw sbenernya kasi sih sm org yg makan sandiwara anies dgn turun nemuin buruh wkakaka org tugas naik ump pemda yg sangkut yg ngatur anies tb nyalahin kemenaker buruhbapack mahasiswa aja byk yg ikut dukung wkwkw duh
160,buruh ngga ngeliat milik usaha andil risiko untung buntung pas untung milik mesti mikir gimana untung pas buntung mesti mikir ga bangkrut
161,buruh tindas terusharuslah nuntut upah
162,ngga orang sempat usaha persepektif milik buruh buruh ngeliat pas usaha untung gede ngga ciprat pas usaha terseokseok pontangpanting
163,demo buruh bebas aksisuperdamai larang beda sungguh rezim takut bangkit islam
164,white collar worker which is everyone yg kerja kantor bawah corporat start up big kantor scbd terima upah masuk kategori buruh
165,kecewa umk naik ribu buruh kabupaten sukabumi laku demo lengkap sukabuminews medialokalberwawasaninternasional
166,umk jawa barat tetap aliansi buruh purwakarta sesal laku gugat
167,bagus jokowi istimewa mesin buruh tandur maki bpksolusinya bingungyaya tanah sdri utk nandurbertanam
168,gaji tri tukar gaji buruh gimana
169,memang hidup gaji sesuai upah buruh
170,buruh ajak usaha jiwa tuntut profit
171,wicaksana aksi demo buruh tunggang kelompok penting
172,layak buruh tuntut upah butuh ekonomi
173,guyur hujan ratus buruh semarang demo tuntut naik umk kapolres terjun pimpin aman
174,nanidan anak muda yg pengaruh buruh kpd orang tua
175,ngerasain freelance semester dapet materi buruh rasa tindas buruh beneran
176,cirebon bupati cirebon drs h imron mag buka sosialisasi beri bantu langsung tunai blt buruh pabrik rokok hotel sutan
177,bicara gaji guru yakalau hasil tambah adalahmasak rb bulanburuh gaji jt bulan jt kemauankita guru gaji segitu luar kerja ngajar pasti usaha
178,sdh partai rakyat partai buruh phipartai hijau indonesia primapartai rakyat adil makmur anggota phi
179,smua berkat buruh tani lagu zoom macam
180,buruh lokal ya yg gak suruh jiwa kalo buruh asing gak nuntut ulah mmg udah upah dg gaji buruh lokal mah mmg anak tiri
181,buruh batam kena prank gubernur kepri upah sesuai
182,egrek sawit makan tuan leher buruh hari lepas sergai nyarisputus
183,egrek sawit makan tuan leher buruh hari lepas sergai nyarisputus
184,mohon maaf pasuk era modernisasi tani pecah terkkait lapang kerja raka untung buruh tani trimakasih
185,jg kwn jd presiden periode ayo jd presiden buruh
186,libat dlm bisnis jahat koorporasi beking ormas keras intimidasi masyarakat sipil awas aktivis pro demokrasi buruh elemen progresif
187,malu banget pas cerita warga bandung zaman sby gizi buruh
188,kitaburuh yg demo uu cilaka dibiarkanorg papua demo merdeka makar biar rezim amp aparat demo hindar kupad kopid takut ekonomi turun sendiritapi islamophobia
189,cak nakula sajak mpr gaji ama negara gaji potong lsg koar kek buruh demo
190,berani g terima gaji tunjang tahunburuh rakyat miskin sdg ente jabat yg d tanggung rakyatjng berani himbau rakyat kalo ente sibuk makan fee
191,realitas negara indonesia satu buruh wujud orangorang yg tdk aku buruh karyawan yg aku semenjak orba kuasa iniguru sbg buruh kadang abai suara
192,aaa award buruh friendly ya rese
193,saat buruh tolak naik ump jabat ribut urus perut golong tutup mata telinga hati ga peka nasib rakyat
194,buruh pabrik aja
195,wajar kerja buruh gaji bahan pokok aja semuaeh yg emaknya ngomel gegara susah uang belanjaanaknya disismed pd teriak liat buruh demo nyinyirin orang demo hhh kecuali anak usaha yg bangkut gegara bayar tenaga kerja
196,rasa buruh
197,umr gagal cita bangsa buruh dunia
198,ya kalo prihatin gaji jabat potong stafsus wamenkeu bubar pesawat presiden jual ibukota bangun duit subsidi buruh
199,naik harga rumah gk masuk akal biaya didik mahal ampun harga butuh pokok gak stabil buruh yg tuntut jiwa
200,gilir buruh lu jiwa gilir elu kelompok mau gaji japrem jancccck
201,pingin baca komen buruh yg dukung si mukidi
202,demo buruh rawan tunggang provokator ayodisplinprokes
203,demo buruh rawan tunggang provokator ayodisplinprokes
204,demo buruh rawan tunggang provokator amp asing ayo disiplin prokes
205,mirip sm yg pd demodi surabaya jg buruh bonek pd demo
206,yg duit buruh cari kerja ngaturklo gue nggak maumemang luh mo apaphk obatnyaburuh sok gayaanntar mati gayanyahok luhdasar manusia nggak pande syukur
207,pas demo kab bekas asa rada bungah jam tos beres demo aya kabar usul buruh eh prank terima kasih omnibuslaw sok emut aya partai buruh ayeuna mah ready gaskeun
208,mesti ngomong buruh sabar naik upah rapel
209,self rewardku ndrakor episode pulang buruh jam pm
210,capek kaki sakit buruh
211,akta buruh tinggal zamanakta patut jaga kebaji rakyat akta lindung majikan sahaja dah merdeka pakai akta buruh
212,judul aja udah beda interpretasi pakai skincare ya euphemism iya skincare buruh hrs buluk plus opini negasin opini orang yg tinggal menara gading with lack of empathy
213,pimpin buruh hidip mewah teriak hidup susah hidup sederhana tinggal pimpin partai buruh
214,kasi nasib buruhmereka terooosss bersabarditengah butuh hidup yg meningkatharga yg mahalkondisi untung usaha pekerjasama sabarrrrrr
215,serius nanyapengurus serikat buruh status buruh usaha kerja ina gaji sihkalau gaji hnya via iur anggota serikat bs layak dapat
216,demo buruh kemarin la reuni tdk takut yaaa alergi umat islam kumpul atur tdk pilih kasihaksisuperdamaiaksisuperdamai
217,coba deh jdi buruh bulan aja
218,hahahahahahaha gaji elu kasih buruh jiwa kauhahahahahahaha
219,juang naik upah moga temu titik baik nya jugalonglifeworkingclasshero buruh tukangpitikjugaburuh
220,polri knapa larang boss buruh demo mana aja bos nama bebas demokrasi gaya benci ama orba tpi laku kayak orba munafik gw bkn kadrun cebong ya
221,separoh ku anggur separoh buruh libur kali dapet kerja yaa ku this is the last day of my thanks to you ketawatawa tau udah aja hahaha pamit
222,ok temu buruh
223,polrestabes aman unjuk buruh jalan a
224,menteri sumber manusia difahamkan hasil audit syarikat uk dapat syarikat tempat babit amal buruh paksa awaninews awan
225,suk nek meh panen kontak ya meh buruh wkwk
226,inti postnya sih nyuruh buruh hidup ada sederhana wkwk
227,sanksi henti permanen kepala daerah melanggardan wilayah indonesiasemoga rumus baik ruang dinamika arif lokal sejahtera buruh
228,pp substansial cabut wenang kepala daerah dlm tentu upah buruh upah masuk kategori program strategis nasional daerah wajib rumus yg kemenaker yg hasil umum
229,yg aspirasi buruh amp dengar menit brsm kapolda jabar simak amp dengar daring pimpin serikat buruh kumpul hotel preanger pimpin serikat buruh unek lebar kait upah
230,satu organisasi buruh sungguh takjub aliansi buruh daerah bentuk kuat lawan hebat daerah
231,mas demo muasalnya perintah pro thdp usaha yg notabene nya keluar tenaga buruh peras
232,ksm siasat dakwa syarikat buat barang elektronik babit buruh paksa dat
233,buruh suruh jiwa tuntut upah gaji fasilitas mewah cukup dasar bahlil eh bahlul lo gimana kalo balik posisi diam aja tuntut
234,aksi demo buruh tunggang kelompok penting
235,aksi demo buruh tunggang kelompok penting
236,daftar lengkap umk sejawa serikat buruh fkspn kecewa gubernur ganjar pranowo
237,demo buruh rentan ditunggai provokator
238,neo guru nih klo pns ya atur asn klo swasta ya samasama buruh gantung usaha klo honorer ya luar konteks sih
239,ngewanti wanti yen dtakoni kncaku buruh nendi njawabe nganggur alesan salah sijine meng silih duid arep nolak kewuh nek ra tolak le bal taun
240,aparat gak daya kalah sm buruhcc polri
241,tetap umk jateng inkonstitusional buruh siap gugat
242,ya kalo kerja orang mah posisi aja nama buruh
243,buruh jiwa bahlil cabut uu cipta kerja omnibuslaw
244,vedanya buruh yg demo kemarin nggak tentang dng prokesdimana akal sehat
245,buruh kaga gaji besarasal jabat yng gaji pajak rakyatotak otakkalo tdk urus negara ya mundur lahberikn yng urus bangsa negara
246,buruh kerumun woy ormas rusuh kerumun rezim mingkem ya
247,stafsus presiden yg gak sj jt mbokde jg cm nyantol nama dpt gaji jt deh blm rawan pakde yg jd komisaris mana gak trus kaum buruh suruh sabar
248,kspi udh mogo nasional ajaberhenti produksisemua kerja demotunjukan perintah buruh kompak
249,kecewa gubernur buruh banten ancam mati mesinpabrik
250,usaha jln saat pandemi sj sdh bagus shg buruh msh
251,anda jabat republik gaji fasilitas cabut indah buruh
252,elu jabat gaji gede jd santuy ngomong begituburuh gaji aja udah ludes butuh hidup dijakarta iniiiising eling atuh idup kota hut
253,demo buruh demo pemuda pancasila demo mahasiswa bolehreuni alumni
254,minyak goreng lejit ment dagang atur thn minyak goreng curah konsumsi rakyat larang men tenaga kerja ump ment bahlil buruh tuntut upah yg tanah jajah
255,pusing ah mikirin yg buruh sejahtera mah daya yg pegawai
256,dasar bahlulperumpaan yg kau usaha bela perusahaancoba dibalikkau buruhpasti minta mu upah tinggidasar bahlulcoba ku kau kau gk menteri gaji pasilitas
257,gaji brp hei mentritunjangan brpfasilitas sajaburuh jiwa dgn
258,buruh demo kemarin mgga kena pasal lap diskriminasi terap hukum
259,demonstrasi buruh simpati masyarakat
260,tetap ump menteri bahlil buruh jiwa besa ump bahlil menteriinvestasi
261,update demo buruh rentan tunggang provokator
262,laku polisi beda aksi demo buruh mahasiswa
263,alangkah bijak statement bahlil bahlil ajak usaha jiwa ngambil untung buruh upah layak
264,alangkah bijak statement bahlil bahlil ajak usaha jiwa ngambil untung buruh upah layak
265,gur buruh serabutan
266,coba pakngerasa buruh deh bulan
267,minta menteri bahlil buruh tetap ump
268,bahas mobilrumah mewah said iqbal sangon milir hidup mewah atas derita buruh smntr buruh teriak naikin upah bos gelimang harta logika balik cb cerna
269,pikir hati jokowi usaha investor nasib buruh mah ntar aja deh
270,asmara gak nyampe tahu irma bkn teman diskusi bangku buang amp energi explain urus buruh pragmatismudah paham
271,gubernur jawa barat hancur buruh
272,duh prihatincoba ajak dialoq buruh mas
273,ga kasihan apah sm anak sy buruh rumah kasi kali kotak plastik dah retak kolbuk ku aph kabar
274,bahlil lahadalia buruh jiwa kait tetap upah minimum provinsi ump
275,jkt th an tenant org korea cerita umr biaya hidup buruh sdh dahulu dng nilai drastis milik kost sdh lbh naik tarif elemen biaya jd naik praktis sepenuh rasa buruh
276,umk ikut haha hehe pas buruh demo dinyinyirin aje
277,sungguh buruh nuntut penuh butuh basic need semntara jabat yg ngajak buruh jiwa kaya limpah ambyar
278,krn klo nyokap beda dgn alm bokap hrs pilih profesi yg eksak anak yg bebas pilih untung now sadar takdir jalan hidup org beda syukur ajakakakku dokter amp engineer kakak klinik jg amp jd buruh
279,dan kmaren ngaku sodaraan teroris papua sibuk doi demo buruh acara btw buruh teroris yah
280,haddadp emang karyawan kantor ga buruh aja keleus ngaco aja lu
281,buruh suruh jiwa tp jabat yg ber otak
282,buruh tuntut upah turun biaya hidup ko ga pinter pinter yoo son
283,buruh batam kena prank gubernur kepri upah sesuai
284,maap ga berani aneh buruh kerja
285,iya buruh guru golput
286,buruh protes ump menteri bahlil gaji
287,inti bilang ga apple to apple ngebandingin guru buruh rendah guru kerja teknis cenderung lingkung keras kasar akademisi patut banding bentur
288,menteri mah enak aja ngomong mrk masa pandemi kaya buruh keblangsak rezim koplak
289,naik upah tuh udah batas banget pakai khl periode muncul pp khl hilang inflasi tumbuh ekonomi periode muncul uu ciptaker pp dg formula buruh gak gaji
290,kerja biar tau alas buruh demo
291,kecewa putus ganjar umk buruh jateng rencana gugat ganjarpranowo ganjar
292,anggap adil serikat kerja jawa timur tolak besar umk umk buruh
293,gaji potong buruh
294,mpr tautdk gajih buruh sj naiknmasa mpr gajih
295,bicara gedung temu buruh demo ajak dialogmampuuntuk usaha mati bela ribu bijak yg ringan usaha alas ekonomi
296,demo buruh demo pemuda pancasila kemarin
297,masyarakat tolak aksi demo buruh tunggang kelompok penting
298,kek pas buruh naung spsi w ga ngerasain demo turun jalan
299,kata bagus sakit buruh
300,teruskenapa ga bikin aja pabrik trs kerja buruh dgn gaji yg sesuai mubahas mobilrumah mewah said iqbal sangon miliar
301,bismillah banget kak semester skripsi cerita libur semester kerja niat uang jajansemester bpk tinggal sampe kerja biayain kuliah butuh adek kerja buruh
302,politis salah apaitu demo buruh spanduk tuntut jokowi mundur aman aja tuhhh
303,buruh manusia butuh makan keluarga dg upah yg ga seberapalaah bpk jabat gaji gede tunjang mikirmakanya koruptor buru sita duit rakyatjgn neken rakyat yg udh kesusahanokay
304,gelombang tolak tetap umk serikat buruh jawa
305,intina mh mun sa urang buruh demo hakekatna mh ansbb mw beuteung nu imahsakitu weh faham
306,ga gt jg kali mas yg ikutin atur aja kalo gaji kayak nya sektor masalah bkn buruh pabrik jg penggajianmsh buanyak yg moment thn yg jd viral ya gaji
307,mah enak gaji gede tunjang gede kerja gak cape buruh coba nuntut upah mahal
308,demo buruh jalan tertib kapolres sukabumi apersiasi
309,aksi buruhbolehaksi orang papua yg ken merdekabolehkokreuni nggak
310,aparat adilaksi mahasiswa papua referendum gak dipermasalahkanaksi buruh dipermasalahkanaksi mahasiswa dipermasalahkanaksi kontra anies dipermasalahkanmaka besok aksi dukung nkri masalah
311,buruh tuntut upah cuman upah layak hadeuuuuh
312,ya celaka kerja instansi sorot ngebandingin guru dg buruh fokus situ aja ga lebar ngebandingin guru buruh ngga apple to apple
313,buruh kbb mogok desember usul naik umk kabul
314,eh iya sadar yg disorotin zaman ga sih mahasiswa demo skr mesti liat kalo demo ya buruh isi ttg upah hak buruh gt ya yg plg rame mosi turun presiden krn duga korupsi th yg mahasiswa
315,jkt sepakat bgt jabat lupa insentif yg buruh yg masyarakat pikir upah hemat keluar upah dgn ringan hidup bidang
316,aksi buruhbolehaksi orang papua yg ken merdekaboleh
317,otw tidur mak besok kerja buruh pabrik press biar gak ngantuk
318,hibur demo buruh lupa laku kumis kucing
319,masyarakat tolak aksi demo buruh tunggang kelompok penting
320,tunjang golong gak naiknaik aja langsung protes gak usah nyuruh buruh jiwa besargws
321,keingetan kaya deh makan eskrim campina glc krn tastenya cocok enak ga manis gasuka wll krn giyung gaakan makan ice krn jahat buruh pagi abis jogging beli cmpin taro ehhh mayan enakk
322,jakarta demo buruh istana g alas pandemi
323,ndan moga semeoga semogaaaa kadang bosan seni seni ngimpi buruh yg bikin kangen dunia perburuhanhuhu
324,gimana lu yg sadar pake nurani dorong buruh naikin gajihharga butuh kejam tdk blh tdk ogah sikon
325,asmara asep bangsat sia jabat ari sia gajih ratus ratus jutabulan tunjang ari buruh peres sungguh bagong
326,serius naya klo tabligh akbar yah unjuk gigi jalan dengar ceramah agama tabligh akbar demo ormas buruh jalan unjuk gigi
327,ngajar kerja senibudaya niaga dllpenasaran buruh pabrik gin ndan
328,lha meh dadi buruh po piye
329,demo buruh rentan tunggang provokatorayo disiplin prokes
330,ajar rubah mindset pegawai buruh usaha sulit
331,demo buruh demo pemuda pancasila kemarin
332,demo buruh demo pemuda pancasila kemarin
333,buruh suruh jiwa smtr jabat anggota dpr biaya hidup tanggung negara yg uang dr rakyat pajak benr alm ayah sy bilang indonesia rakyat yg subsidi org kaya
334,demonstrasi buruh simpati masyarakatayo disiplin prokes
335,ribu buruh pabrik rokok oleh blt dbhcht
336,buruh ajak jabat jiwa gaji sgl fasilitas ekonomi blm stabil bgm kl narasi balik jabat yg hati buruh utk kaya tp untk tahan hidup
337,usaha ajak buruh jiwa tuntut upah tinggiburuh ajak usaha jiwa tuntut laba
338,upah minimum buruh tinggi indonesia habis transportasi habis kontrakanlistrikbelum makan jajan dll dllcara kota bantu buruh ya kudu bantu transit publik efisien huni jangkau
339,lawan perintah gak sih banyak guru ngajarnya sekolah milik perintah klo buruh mah banyak milik swasta yg gaji swasta
340,hapus nombok gaji krna naik ump lhah br ribu aja dah rungsing kmrn ngapain bicara sok jago ama buruh dah
341,pagi td masuk keja dpt tau adu call tnya sal keja kosong bgtau keja buruh tkpe jnji yg sedih yg tukang pickup call tu blh suh panggil tu contact jtk eh dh knp ko suh orgtu contact jtk kali klau tkblh nk bantu smbung thread
342,tetangga dosen aja g mobil motor vario honda grand tp tetangga buruh pabrik mobil motor eh skr upah mbok ya mikir aja anggur
343,asmara aktivis buruhdia bain buruh ndak sih
344,buruh mogok kantor tutup pindah kota amangitu repot tks
345,tayang netflix kritis progresif rekom istri the babysitters clubkelas isu gender rasisme revolusi sangka temu seri dramakomedi gadis remaja interrogationdari kisah nyata korupsi polisi india tindas buruh minoritas
346,kalimat benak buruh tulis revisi artikel disubmit jam deadline
347,gak demo aja kyak buruh biar gaji umr
348,masya allah cantik buruh panggul semen netizen langsung bahas uang panai spesies langka
349,buruh batam kena prank gubernur kepri upah sesuai
350,anies temu duduk bareng massa buruh politis demokrat manusiawi temu bebek
351,upah jdi beban buruhupah beban perusahaanorang miskin ngeluh orang kaya ngeluh sabar
352,buruh usul nih gimana kalok menteri gaji ump tukin ajayuk jiwa yuk
353,nang banget buruh naik gaji bilang serakah plis dongak horang kaya are stealing from you
354,bahlul buruh makan kasih nafkah anak istri harga pajak wajar naik
355,demo buruh rentan tunggang provokatorayo disiplin prokes
356,buruh upah tinggipengusaha cari upah minim mungkinwes angeldah bener jual pentol
357,buruh ajak bahlil jiwa mundur tri
358,hidup buruh mari tuntut upah turun upah jiwa buruh mata penguasadan anggap pahlawan buserp kuasa
359,citacitaku dadi buruh pabrik petrokimia gresik mas
360,perintah jiwa buruh bayar pajak
361,tuh ken ngerasain gaji ko nyinyirin demo join demo gitu bareng buruh
362,suruh aja buruh bln gak hidupkalo ngomong enak kau tong
363,masyarakat tolak aksi demo buruh tunggang kelompok penting tingkat tular virus corona lemah ekonomi indonesia ayo disiplin prokes
364,buruh menteri gaji gedeburuh scbd gmn diturunin gaji biar gak gede lupa buruh kerah biru kerah putihyang dalem kerah hitam asap debu jalan
365,buruh pabrik jogja makmur
366,aksisuperdamai pandemi aksi unjuk mahasiswa buruh ormas kerumun gilir reuni koq ancam lawan hukum phobia pangkat ndan semangat babe allahuakbar aksisuperdamai
367,buruh bodoh sadar posisi bersyukurpihak usaha gampang atas buruh bodoh
368,buruh ajak bahlil jiwa nyumbangkn gjih nya rakyat
369,orang mang kl sumbar ndak karajo bana makan rumah amak nyo kl ka karajo jo urang jd buruh dikampuang malu ancak usaho ketek ndak laku bana mnt makan ka gaek dilua jd buruh urg ndak tau ndak karajo ndak makan ongeh
370,tani muda serap buruh pabrik
371,balik gimana krisis anggota dewan jabat rangin gaji tambah beban negara tetep aja kaum buruh gaji nerima tp pajakmah potong duluan
372,masyarakat tolak aksi demo buruh tunggang kelompok penting tingkat tular virus corona lemah ekonomi indonesia ayo disiplin prokes
373,mulyono sejahtera pingin gaji kayak buruh pabrik jerman gitu ya yg gaji puluh juta ente klo gaji puluh juta ya dagang bakso bang bulan
374,waduch mr jgn bercandaotakmu pakai mana tinggi upah buruhdibanding biaya siluman yg keluar laku usahaenteng kau bilang jiwa besarhidupmu nyaman timbun lemak wajah
375,la trus kudu numpak motor sing elek ngono mas ben patut dadi buruhasu asu butuhe ki akeh dus mikire yo mumet
376,gitu rweks opini bokap yg istri adlh wanita karir aka mama jg sempet kerja kantor ga dapet hak yg utuh sbg buruh kantor
377,contoh uu ciptaker yg pro dgn usaha adil buruh mahasiswa buruh hgg ulama pda tolak ruu batal krn dzalim pmrth tabrak skrg mk putus uu tsb langgar konstitusi mrka yg demo ikhtiar yg nilai
378,buruh
379,ump putus pd rapat dewan upah yg isi wakil dr disnaker buruh amp usaha kl pemprov dki mmg naik atas formula ya putus situ kl wakil usaha wo ribut telah sih bs bilang kecut
380,turut usaha sulit jalan bisnisnyarakyat sulit ekonomi legowo naik kisar rp makan buruh menteri rakyat korban
381,tegang buruh usaha daerah kebun pdp kahyangan geser demo dprd jember rabu siang baca berita lengkap
382,umk bupati sukabumi upaya hasil tambah buruh aksiburuh umk
383,yok yok buruh pabrik
384,buruh tau tuntut gaji sesuai survey butuh hidup layak jogja angka defisit capai juta ump tetap
385,ingetin aja uu no ttg ketenagakerjaan pekerjaburuh yg pabrik laku gedung kantor
386,crita papa kemaren komen demo buruh kaya giniini yg didemoin seh klo yg didemoin cmn naikin gaji yo kecut e ya demo buruh nuntut cuti hamil buruh perempuan
387,kspi akun kga update upah buruh jalan tempat
388,pake tradisional kasi buruh tani ongkos nandur k orang beres k lumayan nyambung hidup pupuk susah
389,deloken rakyat kebangeten tenan gubernurkuu ora ngerti rekasane dadi buruh
390,bela jabat bela rakyat bedarakyat kaum buruh korban busuk janji kampanye
391,serikat buruh usaha daerah kebun pdp kahyangan jember gabung forum komunikasi kerja kebun fkpak tuntut naik upah sesuai umk jember rp
392,demo buruh kota bandung tolak upah murah
393,btul om coba nya bal yg suruh buruhhdeuuh
394,tetap umk inkonstitusional buruh jawa bersiapmenggugat
395,tangkapin buruh kerna sdh langgar uu jalan rayasdh bablas demonyayth polri
396,emang acara pa ya sampe kasih barier demotapi temen buruhkatanya tetep kerja kayak
397,gin nih yg blm nyobain buruh gambar lu cuman geser geser mouse doang gambar yg sesuai ekspektasi gak bro ngedesign butuh tenaga pencet ctrl c ctrl v pls educate urself
398,lho buruh serakah udah gaji juta ngapain gaya hidup hedon lagipula gaji terus yg investor minggat gk urus indonesia
399,bikin miris yg jd buruh trs suami ya nganterin brgkt kerja jemput pas pulang gw kerja domestik tetep yg kerjain
400,id kemaren demo buruh jg g hak masyarakat kumpul
401,buruh ajak bahlil dkk jiwa tuntut upah
402,yg bikin oenghasilan buruh gede uang lembur kadang gak tanggung sabtu minggu tetep masuk
403,umk bekas tinggi jabar serikat buruh laku aksi mogok kerja
404,duga cb kerumun buruh ormas pancasila pade mingkem
405,anget nih umrumk tau gak kalo buruh bbrp pabrik sekitar jabodetabekkar tu take home pay nya sampe jt
406,r sad bwt kaum buruh robot asing
407,r hilang adil kaum buruh
408,jiwa buruh bro tengah pandemi panjang hantu phk rajalela kalo negara bagi berkah pcr gak dosa
409,bacot doang bijimane kalo elu tambahin upah buruh dana operasional gubwagub dki gblk
410,syukur yg pilih jokowi pro rakyat pro buruh
411,tuntut buruh lebih khl butuh hidup layak khl kaji butuh hidup buruh klw jabat kaya buruh jgn nuntut upah ga ngerti tuntut buruh yg tuntut hidup layak
412,buku tarik partai idealis serap aspirasi rakyat masuk perintah kritik bijak rugi masyarakat acung jempol partai buruh inggris
413,jabat yg guna gaji beratusratus kali lipat upah buruh
414,mah enak ga ngerasa susah gaji uang rakyat uang buruh yg sdg sejahtera adil
415,upah buruh beli apabandingkan royalti batubara trilyun dapat pajak ri hilang
416,licik sengaja tetap naik umr biar buruh demo lempar pusat
417,anies udah temu buruh yg berdemomasalah tuntut bicara
418,ada forum diskusi buruh usaha tuju cari solusi seimbangkalau gontok an gak nemuin solusiorientasi cari solusi penting ego
419,pasal kuhp hubung dg coronaburuh demo kasi izin
420,moga upaya erti o buruh pengusahamenurut ganjar guna susu ruang gerak leluasa tetap umk pasal pp atur formula tetap umk
421,anda buruh jogja kompak kudeta
422,panitia reuni patung kuda larang demo buruh mahasiswa lokasi diperbolehkanreuni
423,buruh jiwa besarpejabat gaji
424,ken banget kak sekolah biar ngangkat derajat ortu putus sekolah ekonomi kakbapak tinggal kelas sd putus sekolah lulus smpkerja buruh rumah orang pengeeeeen banget sekolah sampe sarjana moga rezeki aamiiin
425,demo buruh yg ribu kumpul orang ya
426,buruh dgn nyata buruh gigit jariketuanya adem ayemheheheciannn tu buruh
427,ayah buruh ngga ga mobil ga sekolahin anak sit bayar semester aa minjem hehe
428,coba uji mulut buruh gih
429,uu cipta kerja mantep banget dah untung usaha naik ump dasar formula uu tsb hasil naik ga beda naik upah inflasi upah buruh gerus
430,komen buruh budak korporat bisa bilang gitu
431,aksi buruh tuntut umk gubernur jawa barat mana
432,kemaren demo buruh lmyn serta n baek knp reuni plus doa utk nkri ga dpt ijin putihkanjakarta
433,yuuuuk jiwa kali buruh yuuuuk
434,akskaka gw tremoor buruh oxsigen
435,buruh hari lepas hilang job deh
436,tetap naik ump persen picu tolak buruh perintah revisi naik ump temu jawab satumeja satumejatheforum kompastv streaming
437,umk tipis buruh wonogiri harap subsidi sembako radar solo wonogiri beritawonogiri
438,kerja wajib jiwa gtgt buruh forumkeadilan majalahforum fkcommunication
439,upah jateng rendah indonesia buruh anggap ganjar pro cilik
440,bilang jiwa besarkrena gajih umkump posisi buruhjgn hantam derita
441,henti dagang lugu kaum buruh transaksi politik tipu kaum buruh enak sulang hotel mewah hitung laba kaum buruh
442,prosedur ikut alur logika birokrasi pusat ngga naikin upah buruh gusdur gitu ko repot
443,sukabumi apindo
444,naurr gw takut gw budak korporat china plssssdi pikir gw lulus situ kerja buruh pabrik china kali yes
445,alas timbul kluster covid laku reuni laku demo buruh demo ormas pp demo mahasiswa
446,bile pikir covid ni cabar n mcm keje la niaga air photobooth buruh kasar pelamin niaga kt bazar bukak booth kt event giler bnyk n mcm alam dpt moga sihat n kuat langsung family
447,demo buruh gubernur salah alamat sih root causenya ga produktif solusi kecilin gaji dgn tingkat produktivitas wkwk
448,enkaa edangaji karyawan buruh jutadi kota kerja pabrik textil upah umrklo lembur poll dpt juta
449,jga ska update info pendopo boss milion sdh viralsmga aja yaa mbakcita mulia terwujudgak rakyat kelaparandemo buruhpejabat koruptorbarusan jga lihat digrouptimhumas nnton pidato gindonesiapres jokowi primetimenewsmetrotv
450,insyaallah yuk buruh negara baca jabat gak potong gaji tp hilang tunjang
451,buruh demo gaji anggur demo perabot masak garing bet
452,andai outsourcing buruh nikmat hasil kerja nelongso krn potong outsourcing gaji umk potong outsourcing yg faktor ketidakpuasan buruh
453,kontol sia
454,buruh
455,bahlul coba jiwa besarklo buruh demo wajib penuh tuntut kabur kaya si nganu
456,biar usaha buruh bangkrut bareng ya bis tu subsidi perintah bis tu perintah ngutang
457,kecewa tetap umk banten buruh tangerang ancam mogok kerja umktangerang
458,trus demo buruh mahasiswa kmrn gmn tuh gubernur anies turun krn muat politik jd kasih ijin gtu ya polri
459,headlinenya bapak coba yg jiwa sodaqohin gaji buruhburuh
460,doa tulus anak bahlul buruh upah rendah turun
461,bapaksoal buruh ga diajarin
462,buruh pabrik rokok cirebon terima blt asal dana hasil cukai hasil tembakau dbhcht publisherstory
463,suarasuara buruh uu cipta kerja peduli jokowi
464,usul naik umk persen kondisi nyata
465,orang nyuruh buruh gaji jiwa
466,demo buruh besar sidoarjosurabaya bikin geleng kepala suami buruh demo srampang ndaseterlalu tuntut jaman orang susah syukur kerja lancar puncak pandemi
467,siasia demo buruh
468,turut usaha sulit jalan bisnis
469,sbmr kecewa umk tipis madiun madiuninfo informasimadiun beritamadiun madiunnews kabarmadiun peristiwamadiun umk upah buruh upahminimumkota gubernurjatim kotamadiun madiunkota madiunistimewa madiunstory madiunpeople jatim
470,buruh suruh jiwa uang rampok selenggara
471,yg kemarin liat demo buruh garut ig poster bikin senyum topik hehhe
472,udah bener buruh pabrik cikarang karawang manufacturing kendara bermotorlemburan dapet duit kerja ga setress
473,buruh tuntut perintah batal atur turun uuciptaker
474,udah desember cepet bnget ajar kadang suka mikir ngga ya kuliah depansementara kerja yg buruh sanasini lulus excited bnget milih jurus ajar rajin
475,ora sido sambat mbiyen jaman iseh sd jaluk sangu jaluk duwek gawe bayar semester rewang buruh macul rewang golek utang ning tonggowongtuaku wae kuat mosok anak e sombat sambat
476,politbiro perintah buruh yg minggu demo patung kuda aman
477,fast food kerja sampe subuh jg ga lembur buruh fnb budak jg enas jam kerja syukur jam bayar lembur
478,tambah lg skrg mesin tanam padi sedikit butuh buruh tani lapang kerja buruh tani sempit andal ternak sapi penuh kebutuhandigilas maju jaman kalimat yg nasib
479,bener kemaren demo buruh bandung tuntut tetep jokowi mundur
480,ribu buruh usaha suka cadang jerman bosch kecam rencana usaha phk kerja
481,buruh teriak tanda makan lil
482,putus yg bijaksana skl bu rakyat byk yg susah krn phk dampak covid lha buruh sm yg wakil rakyat nuntut upah dana bamsoet ga potong bansos amp blt dipentingin woiiii
483,demonstrasi buruh simpati masyarakatayo disiplin prokes
484,kecewa tetap umk tangsel selatan spsi gubernur akomodasi usulanburuh
485,buruh yg memnta sejahtera nya klian menolaksemntra yg gaji nyatunjangannya kurang kepntingan rakyat mskin klian marah tidk terima gaji buruh ad yg jt an udh klian blg gaji klian sampi puluh tdk ngapain utk negeri
486,terkadang usaha cari buruh murah tekan biaya produksi untung usaha turun
487,ya ndak gitu analogi diketawain lha buruh demo polisi woles dah bener ngadain dijagain anak bangsa peace
488,kecewa tetap umk tangsel spsi gubernur mengakomodir usul buruh via
489,buruh ajak bahlil kawan jiwa gaji besartunjangan gk wkwkwkww
490,umk sukoharjo bawah khl buruh kecewa
491,titik tghnya sudut pandang buruh om upah tp biaya hidup
492,buruh china wajib tuntut upah
493,buruh naik umkburuh naik umkburuh naik umkburuh didik honorer ha
494,produksi rokok turun tani buruh kena dampak dampakdialamipetani
495,opinion jelek sebenernya indikasi buruh serikat melek politik drpd kerja middle class ngehe
496,desember gk buruh sihh makji iri temen yg po album jewelbtw makji beli album nct jewel cover jaemin gk
497,buruh bangun gunung mas nyambi jual sabu
498,klo ngomong pakai otak dikit buruh ga nuntut upah klo bahan pokok biaya hidup murahcoba bikin atur potong gaji masal jabat perintah anggota dewan jabat protes
499,gaji kaya anggota buruh
500,demonstrasi buruh simpati masyarakat ayo disiplin prokes
501,buruh sawit tega cabul anak majikan umur
502,buruh perusahaanperusahaan negeri jepang langgar hakhaknya kirim adu dubes jepang tanggap kes acuh
503,pita cukai rokok naik gaji buruh tekan sehatrokokcukairokok
504,umk tipis buruh wonogiri harap subsidi sembako
505,buruh ancam gelar aksi mogok kerja nasional perintah revisi naik ump respon perintah temu jawab satumeja satumejatheforum malam pkl wib streaming
506,orang enak banget kalo ngomong bain usaha yg hidup udah kaya mewah ketimbang buruh
507,pasca putus mk buruh tolak keras uu ciptaker
508,bahlul coba gaji kasihkn buruh orang kecol suruh prihatin smntr pjbtnya gaji langit pandemi mlh kaya
509,buruh manajer masuk
510,bhnasional dakwa guna buruh paksa sebab syarikat elektronik uk tamat kontrak syarikat tempat
511,upah sah malam buruh jawa barat jerit
512,aksi simpati anies leseh buruh nilai politis
513,front nasional juang buruh indonesia selamat laksa rapat pimpin nasional moga prima temu jalan baik wujud masyarakat adil makmurrapimnasprima
514,emang kerja ama buruh beda
515,kalang kerja buruh gabung solidaritas juang buruh indonesia spbi tolak putus perintah daerah upah minimum kotakabupaten umk jawa timur laku temponasional
516,alas larang langgar proses aksi demo buruh yg ramai terap sanksi merekamalu kalianaksisuperdamai
517,buruh jepit mk putus uu cipta kerja inkonstitusional
518,buka lowong kerja atas ump byk banget yg daftar yg dibutuhin cm orang byk orang yg minat bekerjaya krn jg nyambi jd buruh jd tau gmn rasanyamencoba pikir sisi usaha buruhmenggaji gaji
519,daftar umk daerah jatim kerja berat tetap upah minimum nusantara adadikompas
520,pulisi sangka buruh yg aksi massa malu rakyat
521,pdkng jenderal kardus n jenderal baper kampret ngak malu bahas hutang sang jenderal sj byk hutang pribadi kengr ngak pd ngaca sih ya pdkngnya duh tolol banget ktnya karyawannya sj blm gaji mlh sejahtera buruh ktnya ngakak guling jokowiperiode
522,bm buruh oi buruk undang undang buruh
523,desak ump batal buruh gelar demo istana
524,honor terima buruh kelas putih juang buruh kerah biru mei demo jalanbelum legacy aksi buruh jatah kerja jam nikmat semuaseharusnya sejarah tahu dasar
525,guru honorer demo dlakukan buruh kerja serius gaji canda
526,pdkng jenderal kardus n jenderal baper kampret ngak malu bahas hutang sang jenderal sj byk hutang pribadi kengr ngak pd ngaca sih ya pdkngnya duh tolol banget ktnya karyawannya sj blm gaji mlh sejahtera buruh ktnya ngakak guling jokowiperiode
527,ridwan kamil pakai pp buruh tunggu tanggal main ridwankamil kangemil
528,kmana aja pa buruh knaikan upahingat pa sblump bpa mejabat suara rakyatjji npa manisingat pa tuah blas smuaya
529,lomba orasi unjuk piala kapolri polda kepri ikut tim buruh mahasiswa lsm laksana datar engkau putri kota batam senin polrihumaspoldakepri multimediapoldakepri lawancovidpolripresisi
530,asmara buruh manfaat ketua anies koplak perintah pusat disalahin kadrun
531,jgn la panggil org mcm kau panggil ayah kau kat rumahni cerita kau pekerjasuka or x memde ni la berlakuagak nape org xletak je gaji minima juta senangpergi la jabat buruh pahamjgn main tiktok je pandai
532,enam berita pantau akses baca kanal ekonomi bisnis ringkas berita tempobisnis
533,aksi super damaidamai utk umat muslim benardamai utk umat muslimtapi gentar nyali kelompok komunisdgn caraaksi hrs bendung dihadangknp gentarjika alas prokeskan diaturaksi buruh diskriminasi memangkamu
534,aksi tipu tipu gaberner x ratus moga buruh spsi unit kerja pintar bijak dlm ambil putus inget contoh si gaberner kerja gimana
535,lu waras blm minum obat kbutuhan hidup tinghi harga sembako mulau rangkak gilir wacana hatapan buruh tuk tubtut naik upah aja lu songgong lu waras telat minum obat
536,gaji besartunjangan lumayan buruh gaji segitu aja soal biaya hidup tingkat jabat ko gak pihak rakyat neng nya dukung cukong aseng
537,buruh demo serang jd macet rewel cuman fokus goal yg juang kalo lembek ejek orang yaudah terima aja gaji rb
538,buruh ngajak bahlil jiwa besargajinya sumbang sejahtera buruh
539,fenomena kaya gin ama fenomena buruh pabrik standar gaji umk beli motor keren sisi buruh pabrik bmn yg udah kenal antero gresik noh yg seragam oranye pake motor rumah sampe namanye rumah khusus
540,misi kapitalisme hasil buruh salah perkara demo naik gaji
541,amin karo solawati sek iseh buruh lo angkat junjung selang
542,cukai rokok tinggi ekonomi ganggu upaya perintah pulih ekonomi akibat pandemi
543,demo buruh udah dapet kabar kalo pager gedung sate dirobohin capek
544,biar buruh china aja gajih
545,yg jiwa ambil upah jabat anggota dprbukan buruh yg jiwa karna beban hidup butuh hidup tinggiitu jg sebab perintah yg naik harga dasar butuh pokok tambah lg pajakbisa mikir ga seh
546,ngomong enak bangetbpk ngga rasakehidupan skrg susahharga barang naikwajar klu buruh nuntutheran
547,serikat uruh kebun jember tuntut direksi turun jabat buruh nilai direksi paham kerja kebun
548,waris budaya feodal kuat orang butuh hasil kerja buruh buruh hidup sengsara anggap wajar kodrat nya sadar kelas class awareness minim masyarakat emg ni negara butuh revolusi budaya
549,aksi anies baswedan menaker tinjau ulang formula ump nilai amat aksi politis belaka sikap anies dukung upah buruh layak analisis cnnindonesia
550,tau da tani da buruh tani tani milik sawah buruh tani yg tanam orang tua tani suruh duduk tanam benih padi panen musim panen kampung mayoritas buruh tani kampung pake mesin gmna ya
551,coba besarin konglomerat jaman orde barupabrik produksi joint buruh n mesin produksi limpah untung limpah buruh busung lapar usaha obesitastapi same gendut trus hati kau bahlilsi sopir angkot
552,nek sih jujur mending usaha pindah yg rasa aman buka buku buku yg ada phk massal akibat tuntut buruh yg rasa ganggu aktifitas kerja kluyuran jalan dg bawa bendera
553,diskusi sm ayah ttg tuntut buruh naik umr surabaya raya mo nyentuh gilak emgdan blg klo jogja cmn doi gapercaya
554,mmg hrs jiwa klau perintah kendali biaya hidup sejahtera buruh bos
555,kalo gitu starteginya gin kerja buruh pabrik dgn kaji sekian uang dikumpulin utk modal bisnis
556,opo sing khawatir pas jaman kuliah iko mas sing untung upah buruh iku ya dagang nasi pabrik hhehe
557,tuntut naik upah buruh unjuk kantor disnakertrans jatengselengkapnya video news rmoljateng jateng infojateng jawatengah klikrmol upah buruh buruhjateng jateng demo infokejadian infokejadiansemarang
558,tolak umk buruh bandung gugat ridwan kamil ma ptun
559,buruh puas dg demo usaha kobar semangat pindah mana aman buka buku
560,juang buruh karawang kemarin mesti bentur meja kuasa tingkat provinsi takut bijak perintah pusat juang selesai harap
561,terima kasih gubernur jawa barat ridwan kamil tegas sikap politik tentang kaum buruh jawa barat rakyat tahan malam gedung sate
562,andaikata umpama buruh indonesia jiwa luput berita invasi tenaga kerja asingbahlil ajak buruh jiwa tuntut upah
563,tubir kaget tubir demo buruh muncul argumen kayak buruh demo klx buruh demo skincare mahalsempet ngira line pake ya pikir
564,id kemarin demo buruh demo mahasiswa demo pemuda pancasila gam ngomong gitu
565,daerah upah buruh rendah pulau jawaklik baca
566,nggkprl maksakan krn sikon msh pandemi cari inovasi model ekspres yg tetep ekspresif masive efektifdisisi kesan diskriminatif emang krn demo buruh
567,peringkat provinsi gaji buruh rendah nasionalklik baca
568,semvak basahpejabat tololcoba samain gaji jabat tolol buruh mari jiwa
569,solusi pecat buruh biadab yg nik umkbangsat bener tuh
570,pemkab kendal serah blt ribu buruh pabrikrokok
571,gak gak buruh
572,demo buruh holywing klub klub malam buka
573,lieur fadel mah duit mah uhhhh coba buruh demo denge teu heunteuuu
574,sebenernya emang buruh fire dps ketimbang bronya apho sksbdhdnud sddihh
575,buruh usaha kecewa dgn putus umk gubernur buruh kuranh usaha kebesaranpiye iki
576,buruh ajak budak ngelunjak tuan aka pegawai perintah guru nakes staf golong underpaid jiwa tuntut tunjang kurang tunjang
577,maren demo buruh gk np
578,yth owner direktur usaha seluruh indonesiasegera pecat sangon karyawan yg demo nuntut naik umkburuh biadab bangsatgara demo buruh gendeng kemarin kerja kemarin amburadul kena macetburuh goblok
579,yth owner direktur usaha seluruh indonesiasegera pecat sangon karyawan yg demo nuntut naik umkburuh biadab bangsatgara demo buruh gendeng kemarin kerja kemarin amburadul kena macetburuh goblok
580,yth owner direktur usaha seluruh indonesiasegera pecat sangon karyawan yg demo nuntut naik umkburuh biadab bangsatgara demo buruh gendeng kemarin kerja kemarin amburadul kena macetburuh goblok
581,yth owner direktur usaha seluruh indonesiasegera pecat sangon karyawan yg demo nuntut naik umkburuh biadab bangsatgara demo buruh gendeng kemarin kerja kemarin amburadul kena macetburuh goblok
582,buruh sayang umk kabupaten tuban rp ribu
583,usaha phk massal tuntut demo yg suka menang situ tangis darah akibat ulah demo buruh bilang untung rugi uras usaha ya pesan moral
584,kalah teman buruh hadap usaha culas tangan kuasa blakblakan said iqbal omnibus law jokowi pelintir kelompok menteri
585,buruh tuntut upah yg upah yg layak
586,buruh pabrik rokok cirebon terima blt asal dana hasil cukai hasil tembakau dbhcht publisherstory
587,kecewa umk buruh karanganyar wis ora pantes
588,id kalah demo buruh
589,hormat jamin gak butuh hidup rakyat sembako listrik bbm sehat rumah murah jangkau gaji rendah buruh
590,aksi papuakemaren aksi demo buruh kumpul berkerumunnah ijinknp gak dpt ijin
591,bilang org mpr noh pakyg pantes kasih himbauan buruh usaha gurem model
592,guru honorer buruh ko ya cuman ga jajah usaha gaji ge syukur nikmat man wkwkw
593,jiwa buruh sesuai speck
594,upah sah malam buruh jawa barat jerit
595,kasihan bodoh pimpin serikat buruh hidup rumah mewah jadi tukang demo hidup miskin
596,beryukur tetep tetep juang hak bismillah ketua serikat buruh
597,sais iqbal politikus gagal sembunyi balik serikat buruhngomong sejahtera buruhketuanya sejahtera banding anggota adil buruh tidakduduk rendah diri
598,tetap naik ump persen picu tolak buruh perintah revisi naik ump temu jawab satumeja satumejatheforum malam pkl wib streaming
599,bang buruh gak gajihuhuhu
600,gas poll mahasiswa buruh aja kumpul patung kuda
601,buruh jatuh sih bestie
602,buat uu dlm perintah dpr kualitas kalah gugat buruh ajar mahasiswa yaaaberarti cocok yg jd anggota dpr
603,tunggu aja aksi mogok buruh pns nasional perintah jalan gak ya
604,kecewa putus ridwan kamil umk buruh melawanoh gak jakarta doang numpang tagar aksisuperdamai
605,nyuwun sewu upah buruh nik pripun ganjar ngeten banged kaleh buruh mesak biaya umrump gur mundak sak crit ditulungi
606,yg heran yg gugat menang buruh ajar mahasiswa kualitas yg bikin uu masak buruh ajar aja menang
607,kalo ga bs buruh sejahtera ya jgn bikin sakit hati borong
608,duli nasib buruh puas instan squidward tentacle
609,rencana buruh mogok nasional tolak upah minimum versi uu cipta kerja via com
610,syarikat tu je yg perangai lambak suh jabat tenaga kerja or jab buruh check kompeni
611,coba bantu yg tekan harga sembako erti buruh usaha korban peran perintah badan regulasi tampil saat hadap super inflasi babak bur
612,salah buruh demo naik gaji salah dinas didik milik wenang tetap gaji guru moga aja gaji guru naik umr jasa guru indonesia
613,larang reunitapi besok rubah aksi aspirasi aksi buruh mahasiswa
614,yg komen ig gk ngerti jg buruh yg pikir ya buruh yg kerja d pabrik derajat lbh gk ngerti hak juang
615,buruh kecewa upah minimum kabupatenkota banten sesuai sepakat
616,rencana buruh mogok nasional tolak upah minimum versi uu cipta kerja
617,buruh kecewa umk jateng ganjar citra detiknews ganjarpranowo ganjar
618,gilir buruh upah atur dy ubah eh gajih mreka potong ngamuk
619,buruh underpaid kalong banget nih gaji murah suka ngatain aksi buruh begok emang
620,upah buruh china pabrik imip sulteng rp juta bulan dngan jenis kerja yg samagiliran buruh tuntut naik upah hnya kisar rp juta an negeri ribetnya biasakita pihak tenaga kerja aseng tenaga kerja lokal
621,buruh yg jas ngomel
622,buruh naik gaji butuh pokok lumrah usaha hitung matematika pasu pengeluaranjadi kalo bahan pokok ya terima upah naik
623,ya mbak nggak ngerasain gimana susah buruh sih
624,tukar ajakami yg buruh jd mpr nggk gaji potong yg mpr jd buruh gaji nggk potong
625,buruh taka naik upah bilapenguasa jaga stabil harga pokok ngimpiselama pasar liberal naik upah tutup
626,tolak umk banten buruh tangerang demo mogok kerja
627,guru buruh hadeuh
628,umk jatim putus respons serikat buruh
629,unjuk buruh pemprov jawa barat tetap upah minimum kabupatenkota umk sesuai tuntut penuh gubernur ridwan kamil
630,demo buruh diijinin
631,nakula taek kucing kelean buruh jakarta demo kelean maki si anies coba buruh daerah demo upah kelean maki tuh buruh yg demo pretttlah nilai orang subjektif
632,enkaa ngga cikarang gaji segitu uu ciftakerja skrg marak buruh outsorch gaji hari k hr
633,titip jaga fasilitas umumna nya tong barbar jiga geng motor percanten buruh mah adab
634,buruh mahasiswa gelar aksimengapa ummat islam sulit
635,acara hotman paris klaim pasal omnibuslaw untung buruh pasal yg atu dukungetlepresisi
636,cukai rokok tinggi ekonomi ganggu upaya perintah pulih ekonomi akibat pandemi
637,kecuali gajih buruh petinggi jiwa
638,pecat demo langsung kerja anggur cari lowongankerja sungguh susah orang reseh acau tukang ribut demo pecat langsung pecat pabrik usaha buruh
639,hoooooooooburuh pribumi suruh sabar gaji sedikitsementara buruh aseng cina gaji tinggitinggi
640,buruh kaya gin nyari duit cita nabung hidup keluarga kalo emang doi worth it harga mahal ya brrti nabung kalo mampu gin ya diapain
641,umk kota sukabumi jalan serikat buruh
642,mpr ama buruh beda ya
643,ky demo serikat buruh aja politik tunjuk bhw massa jd posisi tawar yg lmyn dukung dukung calonujungnya duit koktolol aja yg capek demo cm bagi nasi bungkus
644,kabupaten semarang daerah besar upah umk jt sekiandan kabupaten wonogiri rendah upah umk jt sekiandan titik demo buruh kait upah jateng
645,gaji pna asn tek buruh
646,mon maap ga apple to apple emang guru honorer kerja resiko celaka kerja iya buruh gaya hidup tinggi ga apple to apple dibandingin guru honorer
647,buruh ajak jajar kabinet lembaga negara anggota dpr pusat daerah ikhlash jiwa sumbang gaji hasil pandemi buruhmusnahkan oligarki buruh satu kalah
648,kepung pendopo sukabumi buruh tolak umk
649,datang pendopo kabupaten sukabumi buruh kecewa bupati lokasi aksiburuh buruh
650,kaum buruh umr gin keras kerjaseriusgajibecanda
651,buruh jabar jateng jatim kepung kantor gubernur malam tahan tunggu tetap umk sri mulyani perang jenderal papua putihkanjakarta habib rizieq kasad bumnmakinuntung bpjskesehatan sukseskanreuni rabu
652,buruh sumsel unjuk naik ump
653,putar radio gentara buruh cod aftershine dengar musik dangdut audio kualitas nowplaying radiogentara dangdutnyaindonesia radiodangdut dangdut dangdutkoplo
654,yuntho eson jd ga lucu upah buruh mo disamain tri
655,negara nggak jiwa asih pajak buruh
656,moga perintah jiwa upah buruh angkat sejahtera rakyat sbg wujud harga bangsa senang investor
657,buruh abah gw ga dodge
658,buruh karanganyar kecewa ganjar umk rp ribu harap
659,kon ra batas piye tuku lemah ning kuto ne dewe we raiso je bwos bayar sepiro rego properti sepiro cen balan ki hibur e buruh warga kelas ning yoben tim kui yo nggowo jeneng kota bangga dadi dr sorry nggih tiyang pinter
660,tuju pakasalkan tri gaji kaya buruh
661,pingin maki jabat kayak gin yg gaji rendah krn jabat abdi bangsa negara buruh yg kutat batas butuh
662,rencana buruh mogok nasional tolak upah minimum versi uu cipta kerja
663,kalo level spv atas sih wajar ga dapet lembur kalo staff yaampuun buruh pabrik aja kalo lembur bayar
664,micinn yg sisi buruh resiko kerja ceroboh dikit tubuh ilang
665,buruh jiwa tetap ump
666,kecewa umk khl buruh sukoharjo bersiapsiap demo solopos sukoharjo sukoharjomakmur beritasukoharjo
667,sejahtera buruh lho iseh kabur kanginan enek model ngene
668,buruh ajak bahlil jiwa tuntut tunjang gaji sedia gaji umr
669,ri tdk mikirin rakyat hak buruh obok pad diem ribut anggar
670,bm hal dyson still honor the contract renew jer sbb isu buruh paksa gi hantam ataims ler
671,buruh naik upah gak gubris eh potong anggar panik
672,buruh pabrik hati obrak abrik
673,upah sah malam buruh jawa barat jerit
674,dimusuhin buruh pas capres besok level gabener suruh ketemu buruh kabur
675,wan got cari kambing hitam hadap buruh deh menaker kambing hitam
676,lha manager kerja usaha orang nama jg buruh khan ya kata buruh kerja kelas yg pabrik kali yakoraduweutek
677,upah kerja umk
678,resiko jabat anggota dewan banyak usaha harap maklum penting dapur probadi ketimbang buruh
679,cukupberhenti buruhlebih wiraswastausaha umkm
680,organisasi buruh tugas buruh ganggu jam kerja buru dukungetlepresisi
681,buruh ucap anies bohong wajar marah bubarkanreunikadrun
682,gimana jiwa harga butuh perintah gimana harga butuh murah biar buruh ga demo naik upah ngoahahahahahahaha
683,sekolah gimana sih jd buruh
684,kecewa umk khl buruh sukoharjo bersiapsiap demo
685,putus gubernur sakit hati asa kaum buruh jawa barat berharihari juang pil pahit
686,pimpin kepul rente presiden kspi said iqbal pilih presiden partai buruh ungkap alas utama partai buruh gagal indonesia
687,arah pengpeng buruh jiwa
688,coba dialog lansung demo buruh berani gak
689,buruh bahlil dkk usaha jiwa upah rendah buruh
690,omnibus law pukul telak kalah politik kaum buruh indonesia presiden konfederasi serikat kerja indonesia said iqbalsimak blakblakan selengkapya
691,beda aksi buruh aksi
692,cok so called influencer ki bandingin buruh wanita sm angela merkel perkoro skincare taik
693,mesti hati putus naik cukai rokok cukai rokok yg buruk situasi ekonomi
694,wan abud sengaja tetap umr biar buruh marah lempar pusat
695,insya allah bijak usaha jiwa besar upah buruh naikin
696,omnibus law pukul telak kalah politik kaum buruh indonesia presiden konfederasi serikat kerja indonesia said iqbalsimak blakblakan selengkapya
697,maksud biar jabat yg gaji ya entar usaha ngasih gaji buruhah yg takut gak bagi duit aman kaleee
698,buruh ajak jabat jiwa sumbang hasil
699,buruh tani
700,demo buruh jatim tolak timpang selisih kabupaten kota
701,demo buruh pabrik bunddd
702,lu aja buruh tolol budak rakyat yg gaji lu rakyat
703,pulang jam jalan ga rame pulang bareng buruh pabrikmatahari sinar sampe rumah jam fangirling nyuci nyetrika wkwkwkwkwkwkwkwk
704,demo izinkandemo buruh demo pemuda pancasiladll demo reunirakyat notabene umat islam paham mana tuju rezim jalan
705,mbok ya kaum buruh guru paud tk sd gaji nggak juta rupiah ajar anakanak kaum buruh demo upah minimum perintah
706,demo buruh demo pemuda pancasila kemarin
707,pa eleman demo patung kuda mahasiswa buruh gilir umat islam alumni laku beda komisi iii dpr ri suara inijangan ancam rakyat
708,demo buruh demo pemuda pancasila kemarin
709,buruh ajak jabat jiwa ksatriatak becus kerjamundur
710,perintah bacot doangmenahan harga minyak goreng aja nga becus ken gaji buruh murah
711,isu buruh paksa bimbang pengaruh yakin pelabur asing malaysia dagang news
712,unjuk buruh bidpropam polda banten laku awas personelpengamanan
713,demo buruh demo pemuda pancasila kemarin
714,buruh emang dilema gaji sejahtera gaji pabrik pindah kerja ilang
715,jabat indonesia ngomongin dapat buruh kaya aja yg ngajicoba suruh hidup gaji upah minimalbukan maksimal
716,surat kemnaker ump nilai salah alamat bela wagub ariza buruh aniesbaswedan
717,kann bilanginn gaji buruh pabrik tuu guedee area industri kalo jatengan diy emg msh
718,tambahanselama buruh kaya pejabatdemo lanjut
719,demospongiae buruh kah
720,duga cabul anak majikan buruh panen sawit aman polisi
721,bahlil potong gaji ye mpr aje potong anggar sri mulyani pecat apalgi buruh
722,ga banyak gitu karyawan buruh aja buruh orang yg orang upah hihihi karyawan jg buruh mas
723,buruh indonesia kontaminasi paham komunis me musuh usaha yg anggap me wakil kapitalis
724,kabar buruh kasar lindung bpjs ketenagakerjaan bawah upah minimum
725,perintah revisi naik ump buruh perintah geming saksi bahas jurnalis senior hari kompas satumeja satumejatheforum malam pkl wibstreaming
726,buruh tani kerja mulia suci raya festival keagaamaandi jepang
727,menteri ksp staff ahli manajemen bumn jabat gaji nya sama buruh umr gw elo yg ngomong duluan protes sengklek elo mah
728,opini jelek sih buruh boros penuh hasratga ngatur uang nyata duitny abis butuh dasar bayar sekolah anak bayar angsur motor dll
729,naik ump harap baik kondisi buruh babak bur hajar pandemi sayang harap tinggal harap satumeja satumejatheforum
730,demo buruh rentan tunggang provokator
731,langsung turun jalan tentang bijak nilai sewenangwenang buruh ancam gelar aksi mogok kerja nasional satumeja satumejatheforum
732,supporter juang rumah gusur bela kaum buruh masyarakat tindas yg minim bantu hukum gelut mang bijak pripun mas
733,perintah tetap naik upah minimum provinsi ump persen putus buruh berang satumeja satumejatheforum
734,buruh tuntut usaha jiwa distribusi untung adil gin ratio lampau
735,buntut tetap ump buruh jawa timur ancam mogok kerja massal
736,buruh sungsangmemang koplak
737,buruh larang dandan boleh pake sisa semen
738,menteri bahlil buruh jiwa tetap ump
739,amat langkah anies surati menakertrans ump solusi baik anies merespon tuntut buruh buruh direktur eksekutif pusat politik sosial indonesia puspolindo
740,upah buruh cina
741,yahhhhhhh biar jd manageremg buruh pabrik level pnya jenjang karir apaya kalo smua jd mnager yg jd buruh dongmmg yg hidup layak amp sejahtra influenserrrrr buruh g pantes oke baiqqq
742,buruh iki demo sampe umr sby jt ta wkwkwkwk
743,gub sptnya fokus beda anies beautifikasi jakarta utama sudirman thamrin utk rptra taman krn jg kumuh gub yg fokus tingkat sdm yg daerah supply art buruh pabrik
744,gw jg harap lu gaji ada aja ikhlas buruh yg pajak gaji elu
745,ya lulus singapore gaji jt emaknya pabrik gak relevan ah ya demo buruh ga benar sih gak gitu banding
746,bisaampampmau buruh laundry ga kle
747,gelar aksi naik upah serikat buruh naik persen
748,kenal cyipto dn bolockchain dn nft maysarakat biar gak buruh dn tinggal dgn negara
749,yg bego buruh yg sapi perah si iqbal
750,ddemo buruh rentan tunggang provokator
751,la priben kiye buruh tdl tuntut upah yg tuntut upah yg sesuai dgn layak butuh hidup minimalbahlil transformasi mnjadi bahlul
752,iya aja yg wakil bahagia kamiburuh mah
753,migrain abis ngajar langsung revisi bismillah malam kelar yukyuk buruh asupan manismanisss
754,pro buruh
755,simen buruh kerja kampung kes
756,sy mah binggung ma buruh demo sdah ad satu tau ap nmaa shrusa wakil mrka maju k rim
757,buruh guru honorer nuntut sejahtera warga surabaya nuntut layan transportasi publik bagus perempuan nuntut cuti lahir bolehmosok suruh nerima syukur yg nyuruh syukur hidup enak
758,lu enak gaji gede fasilitas dapetlah buruh ngarepin gaji itu nombok utang warung tetangga belah
759,kagak dukung profesi yg gaji layak ga dibandingin buruh vs guru honorer vs nakes ga bilang abc ga pantes demo kalang a yg gaji layak kalang bcz
760,menteri investasi bahlil buruh yuk jiwa tuntut upah
761,bayar murah buruhmenteri investasi bahlil buruh yuk jiwa tuntut upah
762,acara reuni akbar mana keras ancam keras lawan pn nyaaksi damai buruh yg bawa spanduk jkw mundur tdk kena pasalacara reuni akbar knp takut yg takut ukhuwah islamiyah satu dg umat agama
763,berani protes buruh yg demo yg tuntut emang sadar ga sih gaji umk tinggi indo ga sampe jutakaga asia rendah iyasalty buruh nuntut naik gaji mulu umk min jt
764,fix siregar koalisi dgn buruh dn rakyat
765,whatttsssdipanggil bencongburuh jahap deh
766,kota punya said iqbalorang kaya raya juang kaum buruh ekonomi lemah beliau lemah ekonomi
767,kecewa tetap ump buruh jawa timur ancam mogok kerja massal
768,menteri investasi bahlil buruh yuk jiwa tuntut upah
769,emang duit kagak ya ump buruh aja gak elu gaji puluh juta potong segitu aja ribut dasar uasu
770,kadang maju teknologi jg bimbang sendiri dr tani dimna olh teknologi nasib tetangga yg notabene buruh tani yg tdk lahan jd timbang tani desa jg bagi rizqi
771,brengsek bener jabat rezim ga otak buruh suruh jiwa sdgkan mrk cari untung atas susah orang
772,asmara said iqbal tetangga kaya rayabeliau bela kaum ekonomi lemah beliau hedonismekaum buruh merana gaji tp said iqbal gak merana beliau mapan hidup
773,bossann aksi buruh yg aksi buruh jam naik standart gaji anggur tingkat mana usaha tengah putus urus usaha tdk bayar karyawan
774,buruh ajak rezimagar omong
775,buruh banten gelar aksi mogok akibat kecewa hasil tetap umk nilai sesuai aspirasi kaum buruhselengkapnya buruh
776,sy g btuh penjlasn skrghrsny dijlskan penwran fabrp kali sy blng pnwaran fa tabungn pendidikkn bnus asuransi stlh thn uang bsa ambil sy trs suara smpai sy mndptkan sisa uang sysy buruh pabrik hnya membyar rbsdh dpt jamsostek dlldri usaha
777,ump menteri bahlil buruh lihat sisi usaha
778,yg gaji digit basi banget asli deh lupa buruh beda atap aja
779,buruh demo mulu isi demo mulu naik gaji kerja gitu doang orang didik ga nyampe sarjana ga make otak tenaga doang guru honorer pkwtz nakes yg gaji umk ga tuh gaya demosaid permanent employees
780,guru buruh ayo berserikatbersolidaritas guru kelas kerja rebut hak sejahtera bersamasama
781,sajak winarno willy jak kapuk asmara idha id net yg dibansosi dukung jokowi lu anggur amp tani dukung jokowi
782,david air alam aja klu g nurut lawan sunattullohapalagi cm buruh dlm drama kolosal
783,ribu buruh pabrik rokok oleh blt dbhcht regional beritaviral infoterkini beritaterkini
784,ump bahlil tahan usaha bubar jakarta menteri investasi kepala badan koordinasi tanam modal bkpm bahlil lahadalia buruh jiwa kait tetap upah minimum provinsi ump bahlil pandemi landa indonesia
785,jgn lupa demo buruh amp mahasiswa sblmnya pd tgl nov mari doa sj moga insyaa allah nggak cluster covid ya
786,apa daya buruh tani lepas
787,pabrik ngunggahno rego sentimane akeh lur ppn taun ngarep munggah kontener gawe impor saiki angel buruh mogok kerjo sis sakjane bayar jt yo wes ckup iku
788,sejahtera tani presiden insya allah anak muda bondong tani anak tani bondong pergi kota buruh berfikir tani janji hidup yg layak
789,duga cabul anak majikan buruh panen sawit aman polisi
790,anda jabat jiwa bagi tunjang buruh
791,coba contohin dr jabat buruh gaji ga dr dapat bulan lho
792,baca twit twit pas banget pagi upah amp buruh mikir beyond upah bijak yg bantu utk tahan hidup amp memperamannyaman hidup
793,buruh bangkrut usaha ya
794,bahlil kalang buruh tuntut naik upah usaha upaya bangkit dampak pandemi covidlhaa menteri gak mikir nasib buruh pandemiruwet
795,opahe luweh murah soko buruh tandur ora iki
796,bekas nih bos karawang senggol wkwkktar buruh karawang demo lg
797,guru buruh
798,buruh tolol
799,kapolsek klari pimpin pam jalur pulang aksi unras buruh rest area km
800,abis slepet ps kak emalagian demo buruh kemaren tuju emang jatuhin pamor wan bencong perintah ps
801,enak gak karyawan menteri gak karyawan aja yak hehe
802,bu beda
803,gubernur anis dialog dgn buruh yg demo balai kotaanies janji bantu buruh agam subsidi program hidup murahkjp anakanak buruhfasilitas kaum kerja tekan biaya hidup jakarta
804,buruh sukoharjo harap umk rp tetap
805,min kab bandung naik atuh umk amp umk rp rp eta kepala daerah hitung kmh batas amp pabrik kab bandung karu teman buruh kamar capek demo tdk hasilcc
806,buruh karanganyar kecewa ganjar umk rp ribu harap
807,influencer buruh buruh propaganda alias lidah yg bayar
808,klo kt btp pecatin aja buruh yg resek byk yg antri
809,buruh bisa bisnis pcr lbh untung
810,ngoahahahaha elu modal jilat gaji puluh juta plus tunjang macem blm indikasi duga abuse of power buruh modal otak keringat gaji msh blm layakpejabat bangsat
811,tolak umk buruh banten ancam mogok minggu
812,kab bekas ga buruh demo ahahha
813,kasi w pemda demo terus buruh ga buat sdngkan perintah pusat santai aee musingin putus mk milu bentar
814,bossnya lempar sembako mobilanak buah larang buruh naik upahhidup orde orang
815,biasa anies cuci tangan prihal ump biar gak liat salah mata buruh
816,tuntut sebliknya upah jabat negara sma upah buruh
817,kabar jombang umk jombang resmi tuntut buruh kandas
818,mogok kerja buruh rawan tunggang kelompok anarko
819,bupati cirebon buka sosialisasi beri blt buruh pabrik rokok dana bhcht
820,masyarakat tolak demo buruh
821,bahlil buruh bahlul
822,frwd luarbiasa sampai buruh suruh jiwa tuntut upah gaji tunjang ngak salah ente bro bahlil
823,demo buruh rentan tunggang provokator
824,menteri bahlil buruh jiwa tetap ump
825,buruh upah suruh nerima ajalha yg hormat udah gaji gede tunjang fasilitas lengkap protesgimana buruh
826,nasib e buruh cilik lapor partai cilik ya
827,buruh tani lumajang terima blt cukai
828,ckckck usaha tuh klo dpt untung gede loh yg kasih bawah receh udh hitung klo manager yg gerak menspecialkan jabat status usaha gak gerak klo gada buruh
829,tolak umk buruh banten mogok kerja pek infobanten
830,andai gubernur jawa barat yg laki banget berani nemuin massa buruh yg demo gedung sate andai andai andaaaiii
831,enteng banget tuh bacot mentang udh kaya pegang kuasa ya bahlil ajak buruh jiwa tuntut upah
832,gak liat lu buruh demo sinirakyat ngencengin ikat pinggang nya mpr yg tau allah tegor lu mobil lu balik nya insafmalah rakus
833,unjuk buruh surabaya
834,alhamdulilahhasil demo buruh sia siamundak sewupatangatus mayan mundak e iso gawe tukus es teh karek nambahi
835,jiwa gak kl gaji rang subsidi buruh
836,gubernur naik upah buruh ancam mogok nasional
837,bahlul buruh udah jiwa nerima lu menteri balas budi hidup lu nyaman gaji menteri buruh ump persen gaji skg resiko hidup bulan kerja nyari untung buntung
838,buruh ceunahh
839,aksi unjuk buruh sukabumi pmi siaga ambulans
840,buruh karanganyar kecewa ganjar umk rp ribu harap tribun solo ganjarpranowo ganjar
841,buruh kecewa banding sikap ridwan kamil anies baswedan pilih
842,mogok kerja massal majalengka buruh bentangkan spanduk jokowi mundur via mositidakpercaya
843,buruh kabupaten sukabumi ancam duduk pendopo malam tuntut
844,buruh jiwa tetap ump news bengkulu
845,buruh jiwa ump menteri bahlil mobil usaha lari panas
846,hadap buruh scr langsung wakil yg tampil hadap nuansa drama balut demo buntut bbrp ffihak koar dukung capres
847,diskusiaudiensi perintah kabupatencilacap dinas tenaga kerja ltsaptkln fokus bahas isu migrant smuggling dicilacap kenal kantong buruh migrant pmi rabu desember toc
848,bahlil jg kudu jiwa donk jgn jd tri klu gak sanggup sejahtera rakyat buruh
849,buruh suruh jiwa besartuh anggota mpr anggar potong sudaj ngambek
850,cukai rokok tinggi ekonomi ganggu upaya perintah pulih ekonomi akibat pandemi
851,buruh kerja sj upah rendah terima kasih sabar sj gitu otak lu emang komunis
852,tag kakburuh
853,cukai rokok tinggi ekonomi ganggu upaya perintah pulih ekonomi akibat pandemi
854,alfatihahaksi damai pemuda pancasila sudahaksi suporter sepakbola sudahaksi buruh sudahputihkanjakarta pancasila jaya sakti
855,anakkolong sajak nakula neng la tetep sj buruh yg alat elite spsi
856,buruh gak pake skincare dekil kena asap uap pabrik buruh gak motor bagus motor butut yg mogok kena banjir dikit buruh gak beli rumah tinggal kontra sempit bau selokanyg sejahtera cuman influencer xixixi
857,hukum mati mafia pcrkata erick thohir pcr negara indonesia masuk kategori murah banding negara lainmurah ndasmumurah kerja jam gaji harga telur kgbandingkan gaji buruh sinikebangkitanislam
858,buruh kecewa ump papua barat rp
859,pakdel khaaannn lqgi gaji die kayak buruh aje
860,buntut tetap ump buruh jawa timur ancam mogok kerja massal
861,hukum mati mafia pcrkata erick thohir pcr negara indonesia masuk kategori murah banding negara lainmurah jidatmumurah gaji jam dolar harga burger dollar banding gaji buruh sinikebangkitanislam
862,buntut tetap ump buruh jawa timur ancam mogok kerja massal
863,mandiri mandiri jahatklu dr jelas fa duit ilang ga sy ikutfa janjikn dana pendidikn dithn ampsy ttd dithn br sy tariksy cm buruh bpjs tdk bayar asuransi mahal ky orang kayasy sisih gaji didik anak sya
864,hukum mati mafia pcrkata erick thohir pcr negara indonesia masuk kategori murah banding negara lainmurah ndasmumurah kerja jam gaji dolar harga anggur dollarkgbandingkan gaji buruh sinikebangkitanislam
865,buntut tetap ump buruh jawa timur ancam mogok kerja massal
866,mesti hati putus naik cukai rokok cukai rokok yg buruk situasi ekonomi
867,ngga gitu sihkebutuhan hari harga pd naikgaji dah ribu doangdan yg bilang buruh jiwa upah nya udah bgt banding buruh yg suruh
868,tolak buruh umk jepara gedok rp lengkap klik taut jepara buruh upah umk
869,yg protes demo buruh orang ada
870,bahlil ajak buruh jiwa tuntut upah
871,presiden konfederasi serikat kerja indonesia kspi said iqbal aku omnibus law cipta kerja kalah telak gera politik kaum buruh
872,kemnaker rilis atur mudah buruh milik rumah
873,umk bandung barat batal buruh kecewa ridwan kamil pakai pp
874,ente enak gaji menteri gedesegalanya dijaminlha buruh cilik yg mw peduli kalo
875,jiwa tuk terima gaji menteri upah buruh
876,buruh engkong miris liat sdh kerja buruh alat orang egois
877,yuntho analogi dibalikburuh gaji prestasi taraf menteri
878,polda banten ama aksi unjuk unras buruh pintu gerbang kawasan pusat
879,bijaksana tuntut upah langit sungguh edaksi yg bijak buruh
880,noh demo buruh gak lu gubrisrusuh mana mahfud bilang tertib damai kalo ga diem aja lu gatau sikon
881,dar reuni proteksi biasaknpa demo buruh demo lsm keamananya sajaada yg tau knp
882,bela ump buruh gubernur anies tanggung surati menaker ida presiden jokowi
883,kemarin yg bilang upah buruh yg buruh jiwa mbok ya usaha jiwa penuh minta buruh
884,bahlilalangkah bahagianykau brada dposisi seorg jabat seorgmenteri investasiposisi jabat mmngkinkn kau hdup sngt nyamantak prlu hdup prihatin sbgmn hidup seorg buruh kls bawahtntu kau mngkin phm bgmn pahit derita hdup seorg buruhmk kau wajar bicara sprti atas
885,wajar aja sih buruh demo dijanjiin sekian persen eh pas diumumin umk ganaik alias nol butuh pokok udah akal orang tulang punggung keluarga anak
886,unjuk buruh surabaya
887,alhamdulillah maju berfikir buruh tani yg sulit cari nafkah
888,buruh tangerang mogok kerja umk sesuai
889,kasadrasakesed gak mndidih darah lihat derita spt akibat kuat oligarki
890,jokowi kemanamana timbul kerumun ramai tuh amanaman aja kmarin buruh ormas kumpul demo aman aja tuh reuni yg tertib kalem
891,rakyat buruh mpr tuntut tinggikarena kondisi uang rakyat sulit pandemi
892,gumbernur dki sdh surati kemenaker unjuk buruh dlm tuntut naik upah baca tuh uu thn pp thn mangkenye loe klo ngabacot jgn bodoh dungu unlimited loe bro
893,pt yg patuh hukum indonesia boikotaice buruh yg d phk d kerja kembaliboikotaice
894,buruh ngajarkeun pake pods libur via vc
895,faktor pake klxnabung kuat tenagabeli bekas biar harga murahada kerja samping buruh gaji gede suara aspirasi gaji rendah alias salah sih buruh ken pake klx
896,buruh sukoharjo harap umk rp tetap tribun solo sukoharjo sukoharjomakmur beritasukoharjo
897,silap haribulan engineer orang buruh orang amp dana milik orang tapak tanah melayu aje
898,serikat buruh naik banding fluktuasi harga kebutuhanpokok
899,lthr kabeh barang metu pabrik munggah kabeh lur ket september wing ngingong yo sambat rego pabrik munggah opomaneh mari demo buruh iki mben mesti munggah maneh barang pabrik jan tenan
900,sk umk jabar ditandatangani malam malam temu organisasi wakil buruhpenetapan ump umk dasar faktor pandemi inflasi masuk usaha buruh ambil jalan ump sesuai minta buruh marah
901,anggar nya aja potong udah jerit gaji buruh potong pandemi ajabedanya buruh ga utang sampek jutaansi fadel miliar utang ama negara blbisampahpolitik
902,kerang mpr mental buruh
903,cisssduit la nya patut company suka hati bayar gaji akta buruh bangsa babi jenis tadah
904,beda aksi buruh
905,umk majalengka rp ribu reaksi buruh
906,inti urip kudu megaweentah businessman karyawanburuh tani nelayan dsbgak ngantuk makan enak awak ora gerak malas
907,maren pp aksi buruh aksi dijagain
908,buruh besar hati mending coba besar hati gaji fasilitas negara uang rakyatbapak tuh nikmatin mewah kringat rakyat buruh lohburuh gak upah layak emang zaman kompeni bos
909,alam ikut latih rawan posko bela buruh perempuan marsinah fm
910,krn krn main kaki ya nekan jalanin buruh demo klo diem yaaaa cepek nebak ajah sih
911,eleman demo patung kuda mahasiswa buruh amp aliansi mahasiswa papua tuntut merdeka biar aksi tuntut ancam utuh negara
912,buruh jabar lawan putus naik umk persen
913,nasib buruh
914,guru buruh buruh demo jg juang hak guru kenaikn gaji
915,usaha hrs brjiwa kasih untung buruh gmana dr hasil usaha udah gede loh usaha untung milyar dn nya dah jt gede bro ayo jiwa untung gaji buruh jadi buruh partner bkn budak
916,umk majalengka rp ribu reaksi buruh
917,renyah bener omong orang gaji udh jamin hidup enak gak mikir besok makan coba aja gaji disamain kaya buruh gak tuh biar jiwa besaarrr
918,hasil revolusi mental kerja buruh singkir ganti kerja abal abal china
919,buruh sukoharjo harap umk rp tetap solo
920,umur perlawanansetelah covid buruh rasa pahit lawan upah urat nadi kaum buruh
921,perintah jiwa dgn upah yg layak buruh
922,yg tuntut buruh upah minimum bahlul hitung dasar khl butuh hidup layak upah maksimum
923,kalo reuni ga ganti demo kek buruh kemaren demo balkot
924,buntut tetap ump buruh jawa timur ancam mogok kerja massal
925,low gaji kayak buruh dongbagaimana
926,verifikasi rampung ribu buruh kudus terima blt cukai
927,kerja orang ya buruh
928,tri jg jiwa terima gaji buruh bacot enak udele bae
929,lawak potong anggar kirain gaji buruh kaga naikin
930,itubahlil ajak buruh jiwa tuntut upah
931,ribu buruh gerudug pendopo sukabumi tuntut bupati cabut rekomendasi naik umk sukabumi
932,upah buruh alami turun sistemupah nominal naiktapi upah riil menurundulu perhitungannnyasurvey butuh hidup layak inflasi tumbuh ekonomiera rejim jkwdiubah pp skrg pp rejim upah murahuyeee
933,mudah kali kau cakapkau enak gaji dg fasilitas buruh
934,sanajan pangangguran kamar urang mah milu dmo buruh da urang g buruhapan mun titah ku mamah sok mnta buruh
935,kalang buruh tuding uu cipta kerja bentuk omnibus law pelintir kelompok menteri undangundang pro usaha
936,stadion bagus tumbal enam ribu buruh migran
937,presiden konfederasi serikat kerja indonesia kspi said iqbal aku omnibus law cipta kerja kalah telak gera politik kaum buruh
938,kalang buruh tuding uu cipta kerja bentuk omnibus law pelintir kelompok menteri undangundang pro usaha
939,cari buruh budak
940,presiden konfederasi serikat kerja indonesia kspi said iqbal aku omnibus law cipta kerja kalah telak gera politik kaum buruh
941,gubernur naik upah buruh ancam mogok nasional
942,urung aksi aliansi buruh batam kawal umk batam
943,pandemi covid usaha rugi menteri investasi kepala bkpm bahlil lahadalia buruh bijaksana jiwa tuntut upah
944,ciri khas salah hamba oligarkhi dgn tekan buruh utk derita yg bela penting buruh gak
945,pki hari omnibus nyata inkonstusional buruh kota demo jateng nail orangorang tengah sibuk naikin isu buruh demo pake pcx buruh ngekos ngasuh anak single parent
946,kerja kena phk jamin uang pelatihantrending viral fyp fyp beritaterkini beritaviral beritaterbaru jakarta semarang bandung tangerang surabaya indonesia buruh banten solo
947,kecewa umk karawang buruh ancam aksi besarbesaran
948,loe ngga gaji fasilitas buruh
949,menakernya bilang gaji buruh udah tinggi mprnya mutung anggar potong tangan covidpunya petinggi negara gak waras dikit beneran peduli rakyat heran
950,buruh sawit tega cabul anak majikan bawahumur
951,buruh sawit tega cabul anak majikan bawahumur
952,emil ketua ikat saudara haji indonesia iphi jatim singgung mars pa gmni perhati anti miskin buruh tani
953,maaf bahlil tuntut hak hidup hak buruh
954,buntut tetap ump buruh jawa timur ancam mogok kerja massal buruh ump
955,buruh ajak bahlil menteri jiwa gaji lebih buruh
956,tuntut naik ump persen buruh ancam mogok massal desember hari momentum lampung
957,klo gaji jajar sumbang buruh buruh jiwa paham yg
958,beritasonora upah minimum kabupaten karangasem bal rp kepala disnaker klaim serikat buruh tuju via
959,kalang buruh tuding uu cipta kerja bentuk omnibus law pelintir kelompok menteri undangundang pro usaha
960,coba aja jabat disamain gaji buruh x lipat aja deh gak papa berani hayoooo udah fasilitas
961,buruh yg upah tp gaji yg tinggi
962,mesti hati putus naik cukai rokok cukai rokok yg buruk situasi ekonomi
963,ltwt gue mah buruh buru pencet notif tau tau aahhh lahhh mengcapekkkkk skskskssk
964,ngomong gin karna banyak jabat usaha yg pasti buruh yg gaji yg kaya kaya yg pas jepit
965,momen demo buruh balai kota duduk leseh ria bencong fiki apri maknae back to december lee jeno thank you bwf world tour finals habib koreaboo gmmtv dp k
966,buruh hrs jiwa tau jabat harta pandemi
967,hidup enak boss buruh rasa yg buruh rasa
968,live tv one nopember jam wibsaid iqbalpresiden partai buruh indonesiadari tolak tuju dgn uu cipta kerjakarena sengsara buruh
969,buruh jatim tolak umk selisih upah surabaya sampang persen
970,buruh ayat
971,poin aj bnyk lg poin e bebas dapat amp kumpul jd salah dimna demo buruh amp mahasiswa sblmnya jg zink knp yg reuni mw nyata dapat tdk jg pdhal bnyk orang jg
972,menteri bahlil ajak buruh jiwa tetap ump
973,upah minimum kabupaten karangasem bal rp kepala disnaker klaim serikat buruh tuju
974,luthfi makiy kalo pabrik udah terap k iso dll serikat buruh jugakrn emg naung jd kalo orasi rameberkelompokcoba liat kantor bs diitung jari organisasi serikat buruhnyamalahan ga walopun kdg udh nerapin k iso
975,putus sukabumi alami naik umk upah kabupaten sukabumi rp umk
976,yg bikin atur gak ngerasain buruh mang bikin atur enak jidatt
977,ketua mpr ajah anggar nya potong ngamuk buruh yg gaji rendah mustinya yg jiwa jabat kalo smua gaji serah rakyat normalisasi ekonomi
978,buruh jabar lawan putus naik umk persen aksiburuh buruhdemo
979,orang suruh buruh ngomong kayak gin perintah nuntut rakyat sampah
980,anies temu duduk bareng massa buruh politis demokrat manusiawi temu bebek
981,demo buruh jatim tolak timpang selisih kabupatenkota demoburuh khofifahindarparawansa umpjatim
982,ayo buruh jiwa besarbiar yg jabat yg gaji besarburuhyangsabar
983,rencana buruh mogok nasional tolak upah minimum versi uu cipta kerja
984,yuntho yg nganggur loh syukur buruh yg demo ga syukur ya
985,buruh pake klx aja kek klean panas dingin
986,buruh ajak bahlil jiwa undur cam min
987,buruh jatim tolak umk selisih upah surabaya sampang persen
988,ngeselin upah buruh udah pas biaya hidup
989,buruh sapi perah sistem kapitalisme
990,kemarin buruh mahasiswa gak larang islamphobia nich
991,lho yg tuju guna buruh kasar gitu tenaga kerjakaryawan manusiawi
992,buahahahahamakan jamin gaji fasilitas jamin ajak buruh rakyat dg gaji yg biaya hidup naii dipajakinsuwe ya
993,laahhh bebas demo engga klo tetap perintah anggap mengakomodir penting buruh iya buruh gaboleh demo
994,buruh hrs bayar kontra beli beras sembako bayar sekolah anak dgn jiwa pihak
995,kalo buruh bicara jiwa kalo gaji potong
996,buruh
997,buruh suruh jiwa kena
998,yuntho heheesepertinya buya upah nya bahlil buruhsama uang menteri golong buruh ngga ya
999,rezim jokowi jni rezim anti buruh sejarah nkri anti buruh rezim jendral soeharto
