date,title
2021-12-01,"Genoa Vs AC Milan, Shevchenko Ingin Buat Mantan Klub Kesulitan"
2021-12-01,ODHA di Depok Masih Dapat Stigma Negatif
2021-12-01,Pemprov Jakarta Bentuk Tim Khusus Awasi Alat Makan Bahan Melamin Tak Ber-SNI
2021-12-01,Penonton Lokal Piala AFF 2020 Acuhkan 5 Aturan Ini
2021-12-01,"Pada Akhir Pekan, Penumpang di Bandara Soekarno-Hatta Capai 90.000 Orang"
2021-12-01,"PPKM Level 2, Regulasi PTM di Jakarta Barat Tidak Berubah"
2021-12-01,"Link Live Streaming Bologna Vs Roma, Kick-off Pukul 00.30 WIB"
2021-12-01,"Singgung Varian Corona Omicron, Menlu Ungkap 4 Agenda RI Wujudkan Visi 2045 "
2021-12-01,"Real Madrid Vs Athletic Bilbao, Singa Basque Wajib Waspadai Benzema"
2021-12-01,Pelatih Timnas China Akui Kesulitan lantaran Covid-19
2021-12-01,"Mensos Ingatkan Guru Ajarkan Siswa Tak ""Bully"" Penyandang Disabilitas"
2021-12-01,"Link Live Streaming Inter Milan Vs Spezia, Kick-off Pukul 00.30 WIB"
2021-12-01,Ragam Istilah Teknis pada AC yang Perlu Diketahui
2021-12-01,"Massa Reuni 212 Bakal Kumpul di Patung Kuda, Ini Respons Wagub DKI"
2021-12-01,MyPertamina Fair 2021 Siap Manjakan Pelanggan Setia Pertamina
2021-12-01,"Dugaan Korupsi Dana KONI Padang, Pengurus Cabor Minta Kejari Usut Aliran Dana"
2021-12-01,"Daftar 5 ""Veteran"" di Skuad Timnas Indonesia untuk Piala AFF 2020"
2021-12-01,Ambisi Guangzhou FC Raih Kali Kesembilan Juara Liga Super China
2021-12-01,"Selidiki Tewasnya Anggota FBR Joglo, Polisi: Pemeriksaan Saksi Tanpa Bawa Nama Ormas"
2021-12-01,Gunung Merapi Keluarkan 2 Awan Panas Guguran Malam Ini
2021-12-01,"Jokowi Lantik Anggota Komnas Disabilitas, Mensos: Beban Saya Turun"
2021-12-01,Warga Akan Patungan jika Pemkot Tak Segera Ganti Tutup Gorong-gorong di Margonda yang Hilang
2021-12-01,"Cilegon Berpotensi Tsunami 8 Meter, Wali Kota Minta Alarm Tanda Bahaya Dicek"
2021-12-01,Kunto Aji Sebut Lagu Terlalu Lama Sendiri Selamatkan Kariernya
2021-12-01,6 Langkah Ini Jadi Kewajiban Tim di Piala AFF 2020
2021-12-01,"Disenggol Mobil di Flyover Pekanbaru, Pemotor Tewas Terjatuh dari Ketinggian 5 Meter"
2021-12-01,Alex Pina Ungkap Pandangannya untuk Money Heist yang Tamat di Season 5 Volume 2
2021-12-01,"Catat, 4 Benda Ini Tidak Boleh Dibuang Sembarangan"
2021-12-01,"Harga Minyak Goreng di Jakut Tembus Rp 22.000 per Liter, Pedagang: Naik Terus Tiap Minggu"
2021-12-01,"UPDATE: Tambah 70 Kasus di Jakarta, 462 Pasien Covid-19 Masih Dirawat"
2021-12-01,"MIN 1, MTsN 1 dan MAN 2 Banyumas Persiapkan Diri Menuju Madrasah Berasrama"
2021-12-01,"Pernah Alami Penyumbatan Empedu, Kunto Aji Rasakan Sakit sampai Kurus"
2021-12-01,"Money Heist Season 5 Volume 2 Siap Tayang, Apa Perbedaannya dengan Volume 1?"
2021-12-01,Pengusaha Properti dan DPRD Gresik Bantu Warga Terdampak Banjir Kali Lamong
2021-12-01,"BWF World Tour Finals, Alasan Kevin Tampil Beda Pakai ""Headband"""
2021-12-01,Taat Prokes di Fasyankes dan Kolaborasi Multipihak Jadi Kunci Pencegahan Stunting
2021-12-01,Polisi Sebut Terduga Teroris di Luwu Timur Pernah Berlatih Pakai Senpi M16
2021-12-01,Raditya Dika Telah Siapkan Dana Pernikahan Anaknya yang Masih Berusia 2 Tahun
2021-12-01,Respons Sahroni Diminta Mundur sebagai Ketua Pelaksana Formula E Jakarta
2021-12-01,"Buruh Protes UMP 2022, Menteri Bahlil: Yang Penting Dapat Gaji"
2021-12-01,"Usai Dirundung Pandemi Covid-19, Liga Super China Kembali Bangkit"
2021-12-01,"Hasil Olah TKP Kasus Pelecehan Seksual Mahasiswi Unsri, Dosen Paksa Korban Pegang Kemaluannya"
2021-12-01,"Minta Parlemen Didik Taliban agar Tidak Terlihat sebagai Teroris, Politisi Malaysia Tuai Hujatan"
2021-12-01,Alasan Grealish Tidak Mau Main di Manchester United
2021-12-01,"Kata Luhut, Turis di Bali Paling Irit Dibanding Thailand dan Malaysia"
2021-12-01,"Hamil Jalani Pemeriksaan Polisi, Lesti Kejora: Enggak Kepikiran "
2021-12-01,10 Tips Mendekorasi Ruangan agar Lebih Nyaman dan Tertata
2021-12-01,"Cerita Kunto Aji Lalui Cobaan Berat, Tiba-tiba Sakit Ketika Ingin Wujudkan Mimpinya"
2021-12-01,"Besi Penutup Gorong-gorong di Margonda Dicuri, 2 Minggu Belum Diperbaiki"
2021-12-01,8 Manfaat Perdagangan Internasional
2021-12-01,Mengungkap Desain Jembatan Kretek 2 di Lokasi Rawan Gempa dan Likuifaksi
2021-12-01,"2,5 Juta Warga Jakarta Belum Divaksin Covid-19 Dosis Kedua"
2021-12-01,"Kecewa dengan Putusan Ganjar soal UMK, Buruh di Jateng Berencana Menggugat"
2021-12-01,BEM UI Pecat Seorang Pengurusnya Terkait Kekerasan Seksual
2021-12-01,"Kunjungi Kapolri, Jenderal Dudung: Sowan sebagai Pejabat Baru KSAD "
2021-12-01,"Hasil BWF World Tour Finals 2021: Marcus/Kevin Revans, Praveen/Melati Tumbang"
2021-12-01,"Presiden PSG Buka Suara, Mbappe Batal Hijrah ke Real Madrid?"
2021-12-01,"Setelah Tidak Lagi Syuting, Putri Patricia Sempat Kerja Kantoran"
2021-12-01,Australia Tunda Buka Perbatasan akibat Varian Omicron
2021-12-01,"Hari AIDS Sedunia, Kenali Gejala HIV sejak Minggu Pertama Terinfeksi"
2021-12-01,Cara Rian D'MASIV Tetap Aktif Bermusik dan Berbisnis di Masa Pandemi 
2021-12-01,"Raih Penghargaan FFI 2021, Film Nussa Bakal Tayang di Bioskop Online"
2021-12-01,"Pembukaan Presidensi G20, Jokowi: Saya Undang Para Delegasi Datang ke Indonesia"
2021-12-01,"Laba Konsolidasi BUMN Capai Rp 61 Triliun, Industri Keuangan Penyumbang Terbesar"
2021-12-01,"22 Korban Penipuan Marinir Gadungan Berpangkat Mayjen Lapor ke Polisi, Kerugian Capai Rp 500 Juta "
2021-12-01,6 Gejala Asam Urat yang Perlu Diwaspadai
2021-12-01,Kemenkes Sebut Varian Omicron Sudah Terdeteksi di 23 Negara
2021-12-01,"5 Restoran Fine Dining di Bali, Cocok untuk Liburan Romantis di Bali"
2021-12-01,BWF World Tour Finals: Marcus/Kevin Senang Revans atas Juara Olimpiade
2021-12-01,Sampah Antariksa Berkecepatan Tinggi Bikin Astronot Gagal Spacewalk
2021-12-01,"Ayah di Ponorogo Cabuli 2 Anak Kandung Selama 8 Tahun, Pelaku Dilaporkan Istri ke Polisi"
2021-12-01,"Kota Bogor Turun ke PPKM Level 2, Kemungkinan karena Klaster PTM Terbatas"
2021-12-01,"Video Viral Hewan Mirip Jari Tangan, Apa Itu? Ini Penjelasan Ahli LIPI"
2021-12-01,5 Tanda Kucing Marah dengan Pemiliknya
2021-12-01,Ini Deretan Hunian Perumnas yang Bisa Dipilih Warga Jabodetabek
2021-12-01,Sikap Awal Push-up
2021-12-01,"Terungkap, Sopir Angkutan Barang di Medan Dibunuh Sahabatnya karena Dendam "
2021-12-01,"Apa itu NPWP: Pengertian, Manfaat, Jenis, dan Fungsinya"
2021-12-01,Mensesneg: Untuk Pertama Kalinya Komnas Disabilitas Dibentuk
2021-12-01,"Empat Hari HST Kalsel Terendam Banjir, Pengungsi Mulai Keluhkan Gatal-gatal"
2021-12-01,"Kembali Hadir, FFFest 2021 Jadi Event Kolaborasi Online Terbesar di Indonesia"
2021-12-01,"Tabrak Truk Fuso yang Sedang Berhenti di Bypass Bandara Lombok, Seorang Pengendara Motor Tewas"
2021-12-01,"Reksadana Pasar Uang: Definisi, Keuntungan, dan Risikonya"
2021-12-01,Cerita Warga Gunungkidul Relakan Tanahnya Ditempati SD Selama Puluhan Tahun
2021-12-01,"Dua Mahasiswi Unsri Kembali Jadi Korban Pelecehan Seksual, Kali Ini Dilakukan Oknum Staf Kampus"
2021-12-01,"Dengar Pidato Cak Nun, Indro Enggan Bikin Biopik Warkop DKI "
2021-12-01,Lirik dan Chord Lagu 5:15 AM - Mark Knopfler
2021-12-01,Petenis Johanna Konta Putuskan Pensiun
2021-12-01,"SKK Migas: Perjalanan Menuju ""Net Zero Emission"" Bukan Sprint..."
2021-12-01,"UPDATE 1 Desember: 292.143 Spesimen Terkait Covid-19 Diperiksa, Positivity Rate PCR 0,76 Persen"
2021-12-01,"Hikmah Raditya Dika soal Khawatirkan Masa Depan, Akhirnya Siapkan Dana Pensiun"
2021-12-01,"ODGJ yang Bakar Rumah Warga di Blitar Pernah Bunuh Orang, Camat: Sampai Ditolak Panti Rehabilitasi"
2021-12-01,Apindo Karawang: UMK 2022 hanya Berlaku untuk Karyawan yang Belum Setahun Kerja
2021-12-01,Jokowi: Saya Ingin Presidensi Indonesia di G20 Tak Sebatas Seremonial
2021-12-01,RSUD Kota Depok Siapkan Tangki Oksigen Kapasitas 10 Ton untuk Antisipasi Gelombang Ketiga Covid-19
2021-12-01,INFOGRAFIK: Aturan Terbaru Karantina Perjalanan Internasional
2021-12-01,"Hari AIDS Sedunia, Apa Bedanya HIV dengan AIDS?"
2021-12-01,Lirik dan Chord Lagu Fifteen Minutes - Mike Krol
2021-12-01,9 Ruas Tol Trans-Sumatera Siap Digunakan Libur Natal dan Tahun Baru
2021-12-01,Ini Tarif Pajak Penghasilan Badan dan Cara Menghitungnya
2021-12-01,90 Persen Pasien Covid-19 di Wisma Atlet Kemayoran WNI Repatriasi
2021-12-01,"Program Pembibitan Ikan di Pangkalpinang Terancam Mandek, gara-gara Tak Ada Anggaran"
2021-12-01,"Cedera Pinggang, Kento Momota Mundur dari BWF World Tour Finals 2021 "
2021-12-01,"Wisatawan Mancanegara Mulai Ramai Kunjungi Jakarta, Paling Banyak dari China"
2021-12-01,8 Ras Anjing Terbaik untuk Berburu
2021-12-01,"Bantu Atasi Stunting di Medan, Kadin Serahkan 200 Timbangan Bayi ke Kahiyang Ayu"
2021-12-01,Randy Martin Masih Betah Jomlo sejak Putus dari Cassandra Lee
2021-12-01,Lirik dan Chord Lagu Love Scene - Baekhyun EXO
2021-12-01,"Rumah Dinasnya Diserang Preman, Wakil Ketua DPRD Riau Mengaku Dapat SMS Ancaman"
2021-12-01,"Dua Bulan PTM Terbatas, 22 Murid dan 16 Tenaga Pendidik di Tangsel Positif Covid-19"
2021-12-01,"1.244 Warga Depok Idap HIV/AIDS, Paling Banyak di Pancoran Mas"
2021-12-01,Indonesia Larang Kedatangan WNA dari 11 Negara akibat Varian Omicron 
2021-12-01,"Dikeluhkan karena Turun Terus , Berapa Sebenernya Anggaran MPR?"
2021-12-01,Tarif Cukai Rokok Kemungkinan Terbit Pekan Depan
2021-12-01,"BMKG Peringatkan Potensi Siklon Tropis Teratai di Samudera Hindia, Barat Daya Lampung"
2021-12-01,"Viral, Video Tukang Parkir Pasar Ludahi Perempuan Berdaster di Medan, Ini Kata Polisi"
2021-12-01,Lirik dan Chord Lagu I Don't Wanna Have to Lie - Lolo
2021-12-01,"5 Fakta Menarik Serial Terbaru Reza Rahadian, Layangan Putus"
2021-12-01,Solidaritas Jurnalis di Semarang untuk Nurhadi Korban Kekerasan Saat Liputan
2021-12-01,"Dekat dengan Kehidupan, Bony Wirasmono Sebut Film Nussa Cocok Ditonton Semua Kalangan"
2021-12-01,Mantan Perdana Menteri Lesotho Didakwa atas Pembunuhan Istrinya
2021-12-01,"Sepenggal Cerita Petani Tembakau, dari Warisan hingga Cinta..."
2021-12-01,5 Aplikasi Gratis untuk Berbagi File di Ponsel Android
2021-12-01,"Polisi: Peran 2 Terduga Teroris di Luwu Timur, Siapkan Tempat Pertemuan dan Jaga Senjata"
2021-12-01,"Kesedihan Nora Alexandra Antar Jerinx ke Ruang Tahanan: Baru Bebas, Harus Masuk Lagi..."
2021-12-01,"Tiga Pelajar SMP Berkomplot dengan Residivis, Bunuh Seorang Perempuan, LPA: Ini PR Besar bagi Masyarakat dan Pemerintah"
2021-12-01,"2 Polisi Penganiaya Jurnalis Tempo di Surabaya Dituntut 1,5 Tahun Penjara"
2021-12-01,Apakah Pengidap Diabetes Boleh Makan Kurma?
2021-12-01,Fenomena Langit Desember 2021: Super New Moon dan 7 Puncak Hujan Meteor
2021-12-01,"BWF World Tour Finals: Praveen/Melati Kembali ke Ritme Permainan, tetapi... "
2021-12-01,"[HOAKS] Ada Laba-Laba Berbisa di Pantai, Bisa Membunuh dalam 5 Menit"
2021-12-01,Penis Bengkak
2021-12-01,Lirik dan Chord Lagu For Memories - Wilbur Soot
2021-12-01,Bersiap Liburan? Berikut Skenario Pembatasan di Sektor Transportasi
2021-12-01,Firli Bahuri Berharap Tak Ada Lagi Korupsi Terkait Perizinan Investasi
2021-12-01,PLN Minta Maaf Pemeliharaan PLTGU Bikin Listrik di Batam Padam
2021-12-01,"100 Anak Eks Pejuang Timtim Diminta Jokowi Kerja di BUMN, Eurico Guterres: Sejarah bagi Kami"
2021-12-01,Peringatan BMKG: Banjir Rob Diprediksi Landa Pesisir Jakarta Utara 2-9 Desember
2021-12-01,Hasil BWF World Tour Finals 2021 - Marcus/Kevin Atasi Rintangan Pertama
2021-12-01,"Lirik dan Chord Lagu Like Rain, Like Music - Baekhyun EXO"
2021-12-01,Langkah Membersihkan Urine Kucing pada Karpet dan Keset
2021-12-01,"Keributan di Cililitan, Kaca Bus Transjakarta Dipecahkan Pakai Helm"
2021-12-01,"Bocah 7 Tahun di Bandung Dicabuli Pedagang Mainan, Korban Diimingi Uang Rp 5.000"
2021-12-01,Terduga Teroris Ditangkap di Luwu Timur Berencana Serang Aparat
2021-12-01,Aturan Naik Angkutan Umum di Jakarta selama PPKM Level 2
2021-12-01,5 Langkah Penting untuk Bangun Kebiasaan Hidup yang Baik
2021-12-01,Jeritan PKL Menyikapi Rencana Relokasi Mereka dari Kawasan Malioboro
2021-12-01,"Pimpinan MPR Usul Sri Mulyani Dicopot, Mensesneg: Itu Urusan Presiden"
2021-12-01,Bakal Ada 33.000 Lapangan Kerja Baru Berkat Indonesia Jadi Presidensi G20
2021-12-01,"BMKG Ingatkan Potensi Tsunami 8 Meter di Cilegon, Pemkot Siapkan Jalur Evakuasi Warga"
2021-12-01,"Waspada Siklon Tropis Teratai, BMKG Ingatkan Potensi Hujan Lebat serta Angin Kencang di 5 Daerah Ini"
2021-12-01,"Jadwal Padat Selama 2022, BTS Batal Tampil di Batam"
2021-12-01,Apa Pentingnya Senjata Hipersonik?
2021-12-01,"Bicarakan Album Peaches, Kai EXO: Saya Ingin Menunjukkan Sisi Baru"
2021-12-01,UPN Veteran Jakarta Selalu Terbuka Informasikan Meninggalnya Mahasiswa
2021-12-01,"Menhub Resmi Perkenalkan I-Motion, Apa Itu?"
2021-12-01,Bedanya Ruang Tamu dan Ruang Keluarga
2021-12-01,"Petani di Bandung Makin Canggih, Dikenalkan Teknologi ""Drone"" untuk Pemupukan"
2021-12-01,BPBD Kotabaru Kalsel Bantah Kabar Ada Korban Tewas akibat Tanah Bergerak
2021-12-01,"Nia Ramadhani dan Ardi Bakrie Jalani Sidang Perdana Kasus Narkoba Besok, Begini Respons Kuasa Hukum "
2021-12-01,Mahasiswa UGM Teliti Ubur-ubur sebagai Penghambat Kanker Payudara
2021-12-01,Contoh-contoh Energi Alternatif Terbarukan
2021-12-01,"Ditahan Lagi, Ini Perjalanan Kasus Jerinx SID vs Adam Deni"
2021-12-01,Lirik dan Chord Lagu Seventeen Going Under - Sam Fender
2021-12-01,"Kebal Krisis, Properti Syariah Tumbuh Eksponensial Selama Pandemi"
2021-12-01,INFOGRAFIK: Aturan Perjalanan Darat Selama Libur Natal dan Tahun Baru 2022
2021-12-01,"Stok Kondom KPA Pangkalpinang Menipis, Padahal Dibutuhkan Penyintas HIV/AIDS"
2021-12-01, Menhub Ajak Milenial Jadi Pelopor Gerakan Sadar Keselamatan Berlalu Lintas
2021-12-01,"BWF World Tour Finals: Kalah Start dan Buru-buru, Faktor Kekalahan Pramudya/Yeremia "
2021-12-01,Mau Sukses di Piala AFF 2020? Ikuti Aturan Ini
2021-12-01,"Wapres Ma'ruf Sebut Investasi Singapura Periode Januari-September Capai 7,3 Miliar Dolar AS"
2021-12-01,"PMI Manufaktur RI 53,9, Kemenkeu: Langkah Pengendalian Pandemi Membuahkan Hasil"
2021-12-01,UPN Veteran Jakarta: Tak Ada Tanda Kekerasan Jasad Mahasiswi yang Meninggal Saat Diklat Menwa
2021-12-01,Lirik dan Chord Lagu Rescue Me - Marshmello
2021-12-01,"Dicoret DPRD, Anggaran Sumur Resapan Bisa untuk Tambal Gaji PJLP"
2021-12-01,21 Kabupaten/Kota Alami Kenaikan Kasus Covid-19 Sepekan Terakhir
2021-12-01,Metrodata Gandeng Amazon Web Services Sediakan Layanan Transformasi dengan Cloud
2021-12-01,"Indonesia-Seychelles Bahas Kerja Sama Ekonomi Biru, Menteri KP Berikan Apresiasi"
2021-12-01,Gibran Larang ASN Solo Mudik dan Bepergian Saat Libur Natal dan Tahun Baru
2021-12-01,"Sudah Digencarkan Sejak 2010, Pariwisata Halal di NTB Masih Digodok"
2021-12-01,5 Penyebab Kucing Berhenti Menyantap Makanan Kering
2021-12-01,"Lahan Belum Dibayar, Warga Pagari Kawasan Sirkuit Mandalika dengan Pohon Pisang"
2021-12-01,"Reuni 212 Diancam Pidana, Panitia: Seharusnya Polisi Mengamankan, Bukan Menakut-nakuti!"
2021-12-01,Jokowi Kumpulkan Menteri di Istana Bahas Corona Omicron
2021-12-01,"Jadi Tahanan Kejaksaan, Musisi Jerinx Pertimbangan Ajukan Penangguhan Penahanan"
2021-12-01,"Waspada Varian Omicron, Dokter RS UNS Imbau Pemerintah Lakukan Hal Ini"
2021-12-01,"Naik Motor Bebek Sampai ke Paris, Video Perjalanan Pasangan Malaysia Ini Jadi Viral"
2021-12-01,ODGJ di Blitar Mengamuk: Minggir! Biar Aku Bakar Rumah Teroris Ini
2021-12-01,"Berkat Sinergi dan Inovasi dalam Pemulihan Ekonomi, Gojek Raih Bank Indonesia Award 2021"
2021-12-01,"3 Fakta Unik Restoran All You Can Eat, dari Mana Asalnya?"
2021-12-01,"Hasil Drawing Kejuaraan Dunia Badminton 2021, 6 Wakil Indonesia Dapat ""Bye"""
2021-12-01,"Cegah Predator Seksual di Game Online, Pimpinan Komisi X Usul Fitur Chat Dimatikan"
2021-12-01,"Hari AIDS Sedunia, Twitter Luncurkan Notifikasi Khusus HIV di Indonesia"
2021-12-01,"PPKM Level 3 di Tangsel, Anak 12 Tahun ke Bawah Dilarang Masuk Mal dan Bioskop"
2021-12-01,Lirik Lagu let you - iann dior
2021-12-01,"Pemerintah Bakal Kembali Terbitkan SKB 4 Menteri, Perjelas Ketentuan soal PTM Terbatas"
2021-12-01,Densus 88 Sita Senapan M16 dan 124 Peluru dari Terduga Teroris di Sulsel
2021-12-01,"Foto Viral Pasutri Naik Motor hingga Menara Eiffel, Begini Ceritanya"
2021-12-01,Momen Indro Satukan Lagi Warkop DKI Setelah Kasino dan Dono Tak Bicara 3 Tahun 
2021-12-01,Pil Covid Molnupiravir Merck Akhirnya Kantongi Izin FDA
