date,title,clean_title
2021-12-01,"Genoa Vs AC Milan, Shevchenko Ingin Buat Mantan Klub Kesulitan",genoa vs ac milan shevchenko mantan klub kesulitan
2021-12-01,ODHA di Depok Masih Dapat Stigma Negatif,odha depok stigma negatif
2021-12-01,Pemprov Jakarta Bentuk Tim Khusus Awasi Alat Makan Bahan Melamin Tak Ber-SNI,pemprov jakarta bentuk tim khusus awasi alat makan bahan melamin ber sni
2021-12-01,Penonton Lokal Piala AFF 2020 Acuhkan 5 Aturan Ini,penonton lokal piala aff acuhkan aturan
2021-12-01,"Pada Akhir Pekan, Penumpang di Bandara Soekarno-Hatta Capai 90.000 Orang",pekan penumpang bandara soekarno hatta capai orang
2021-12-01,"PPKM Level 2, Regulasi PTM di Jakarta Barat Tidak Berubah",ppkm level regulasi ptm jakarta barat berubah
2021-12-01,"Link Live Streaming Bologna Vs Roma, Kick-off Pukul 00.30 WIB",link live streaming bologna vs roma kick off wib
2021-12-01,"Singgung Varian Corona Omicron, Menlu Ungkap 4 Agenda RI Wujudkan Visi 2045 ",singgung varian corona omicron menlu agenda ri wujudkan visi
2021-12-01,"Real Madrid Vs Athletic Bilbao, Singa Basque Wajib Waspadai Benzema",real madrid vs athletic bilbao singa basque wajib waspadai benzema
2021-12-01,Pelatih Timnas China Akui Kesulitan lantaran Covid-19,pelatih timnas china akui kesulitan lantaran covid
2021-12-01,"Mensos Ingatkan Guru Ajarkan Siswa Tak ""Bully"" Penyandang Disabilitas",mensos ingatkan guru ajarkan siswa bully penyandang disabilitas
2021-12-01,"Link Live Streaming Inter Milan Vs Spezia, Kick-off Pukul 00.30 WIB",link live streaming inter milan vs spezia kick off wib
2021-12-01,Ragam Istilah Teknis pada AC yang Perlu Diketahui,ragam istilah teknis ac
2021-12-01,"Massa Reuni 212 Bakal Kumpul di Patung Kuda, Ini Respons Wagub DKI",massa reuni kumpul patung kuda respons wagub dki
2021-12-01,MyPertamina Fair 2021 Siap Manjakan Pelanggan Setia Pertamina,mypertamina fair manjakan pelanggan setia pertamina
2021-12-01,"Dugaan Korupsi Dana KONI Padang, Pengurus Cabor Minta Kejari Usut Aliran Dana",dugaan korupsi dana koni padang pengurus cabor kejari usut aliran dana
2021-12-01,"Daftar 5 ""Veteran"" di Skuad Timnas Indonesia untuk Piala AFF 2020",daftar veteran skuad timnas indonesia piala aff
2021-12-01,Ambisi Guangzhou FC Raih Kali Kesembilan Juara Liga Super China,ambisi guangzhou fc raih kali kesembilan juara liga super china
2021-12-01,"Selidiki Tewasnya Anggota FBR Joglo, Polisi: Pemeriksaan Saksi Tanpa Bawa Nama Ormas",selidiki tewasnya anggota fbr joglo polisi pemeriksaan saksi bawa nama ormas
2021-12-01,Gunung Merapi Keluarkan 2 Awan Panas Guguran Malam Ini,gunung merapi keluarkan awan panas guguran malam
2021-12-01,"Jokowi Lantik Anggota Komnas Disabilitas, Mensos: Beban Saya Turun",jokowi lantik anggota komnas disabilitas mensos beban turun
2021-12-01,Warga Akan Patungan jika Pemkot Tak Segera Ganti Tutup Gorong-gorong di Margonda yang Hilang,warga patungan pemkot ganti tutup gorong gorong margonda hilang
2021-12-01,"Cilegon Berpotensi Tsunami 8 Meter, Wali Kota Minta Alarm Tanda Bahaya Dicek",cilegon berpotensi tsunami meter wali kota alarm tanda bahaya dicek
2021-12-01,Kunto Aji Sebut Lagu Terlalu Lama Sendiri Selamatkan Kariernya,kunto aji lagu selamatkan kariernya
2021-12-01,6 Langkah Ini Jadi Kewajiban Tim di Piala AFF 2020,langkah kewajiban tim piala aff
2021-12-01,"Disenggol Mobil di Flyover Pekanbaru, Pemotor Tewas Terjatuh dari Ketinggian 5 Meter",disenggol mobil flyover pekanbaru pemotor tewas terjatuh ketinggian meter
2021-12-01,Alex Pina Ungkap Pandangannya untuk Money Heist yang Tamat di Season 5 Volume 2,alex pina pandangannya money heist tamat season volume
2021-12-01,"Catat, 4 Benda Ini Tidak Boleh Dibuang Sembarangan",catat benda dibuang sembarangan
2021-12-01,"Harga Minyak Goreng di Jakut Tembus Rp 22.000 per Liter, Pedagang: Naik Terus Tiap Minggu",harga minyak goreng jakut tembus rp liter pedagang minggu
2021-12-01,"UPDATE: Tambah 70 Kasus di Jakarta, 462 Pasien Covid-19 Masih Dirawat",update jakarta pasien covid dirawat
2021-12-01,"MIN 1, MTsN 1 dan MAN 2 Banyumas Persiapkan Diri Menuju Madrasah Berasrama",min mtsn man banyumas persiapkan madrasah berasrama
2021-12-01,"Pernah Alami Penyumbatan Empedu, Kunto Aji Rasakan Sakit sampai Kurus",alami penyumbatan empedu kunto aji rasakan sakit kurus
2021-12-01,"Money Heist Season 5 Volume 2 Siap Tayang, Apa Perbedaannya dengan Volume 1?",money heist season volume tayang perbedaannya volume
2021-12-01,Pengusaha Properti dan DPRD Gresik Bantu Warga Terdampak Banjir Kali Lamong,pengusaha properti dprd gresik bantu warga terdampak banjir kali lamong
2021-12-01,"BWF World Tour Finals, Alasan Kevin Tampil Beda Pakai ""Headband""",bwf world tour finals alasan kevin tampil beda pakai headband
2021-12-01,Taat Prokes di Fasyankes dan Kolaborasi Multipihak Jadi Kunci Pencegahan Stunting,taat prokes fasyankes kolaborasi multipihak kunci pencegahan stunting
2021-12-01,Polisi Sebut Terduga Teroris di Luwu Timur Pernah Berlatih Pakai Senpi M16,polisi terduga teroris luwu timur berlatih pakai senpi m
2021-12-01,Raditya Dika Telah Siapkan Dana Pernikahan Anaknya yang Masih Berusia 2 Tahun,raditya dika siapkan dana pernikahan anaknya berusia
2021-12-01,Respons Sahroni Diminta Mundur sebagai Ketua Pelaksana Formula E Jakarta,respons sahroni mundur ketua pelaksana formula e jakarta
2021-12-01,"Buruh Protes UMP 2022, Menteri Bahlil: Yang Penting Dapat Gaji",buruh protes ump menteri bahlil gaji
2021-12-01,"Usai Dirundung Pandemi Covid-19, Liga Super China Kembali Bangkit",dirundung pandemi covid liga super china bangkit
2021-12-01,"Hasil Olah TKP Kasus Pelecehan Seksual Mahasiswi Unsri, Dosen Paksa Korban Pegang Kemaluannya",hasil olah tkp pelecehan seksual mahasiswi unsri dosen paksa korban pegang kemaluannya
2021-12-01,"Minta Parlemen Didik Taliban agar Tidak Terlihat sebagai Teroris, Politisi Malaysia Tuai Hujatan",parlemen didik taliban teroris politisi malaysia tuai hujatan
2021-12-01,Alasan Grealish Tidak Mau Main di Manchester United,alasan grealish main manchester united
2021-12-01,"Kata Luhut, Turis di Bali Paling Irit Dibanding Thailand dan Malaysia",luhut turis bali irit dibanding thailand malaysia
2021-12-01,"Hamil Jalani Pemeriksaan Polisi, Lesti Kejora: Enggak Kepikiran ",hamil jalani pemeriksaan polisi lesti kejora kepikiran
2021-12-01,10 Tips Mendekorasi Ruangan agar Lebih Nyaman dan Tertata,tips mendekorasi ruangan nyaman tertata
2021-12-01,"Cerita Kunto Aji Lalui Cobaan Berat, Tiba-tiba Sakit Ketika Ingin Wujudkan Mimpinya",cerita kunto aji lalui cobaan berat sakit wujudkan mimpinya
2021-12-01,"Besi Penutup Gorong-gorong di Margonda Dicuri, 2 Minggu Belum Diperbaiki",besi penutup gorong gorong margonda dicuri minggu diperbaiki
2021-12-01,8 Manfaat Perdagangan Internasional,manfaat perdagangan internasional
2021-12-01,Mengungkap Desain Jembatan Kretek 2 di Lokasi Rawan Gempa dan Likuifaksi,mengungkap desain jembatan kretek lokasi rawan gempa likuifaksi
2021-12-01,"2,5 Juta Warga Jakarta Belum Divaksin Covid-19 Dosis Kedua",juta warga jakarta divaksin covid dosis
2021-12-01,"Kecewa dengan Putusan Ganjar soal UMK, Buruh di Jateng Berencana Menggugat",kecewa putusan ganjar umk buruh jateng berencana menggugat
2021-12-01,BEM UI Pecat Seorang Pengurusnya Terkait Kekerasan Seksual,bem ui pecat pengurusnya terkait kekerasan seksual
2021-12-01,"Kunjungi Kapolri, Jenderal Dudung: Sowan sebagai Pejabat Baru KSAD ",kunjungi kapolri jenderal dudung sowan pejabat ksad
2021-12-01,"Hasil BWF World Tour Finals 2021: Marcus/Kevin Revans, Praveen/Melati Tumbang",hasil bwf world tour finals marcus kevin revans praveen melati tumbang
2021-12-01,"Presiden PSG Buka Suara, Mbappe Batal Hijrah ke Real Madrid?",presiden psg buka suara mbappe batal hijrah real madrid
2021-12-01,"Setelah Tidak Lagi Syuting, Putri Patricia Sempat Kerja Kantoran",syuting putri patricia kerja kantoran
2021-12-01,Australia Tunda Buka Perbatasan akibat Varian Omicron,australia tunda buka perbatasan akibat varian omicron
2021-12-01,"Hari AIDS Sedunia, Kenali Gejala HIV sejak Minggu Pertama Terinfeksi",aids sedunia kenali gejala hiv minggu terinfeksi
2021-12-01,Cara Rian D'MASIV Tetap Aktif Bermusik dan Berbisnis di Masa Pandemi ,rian d masiv aktif bermusik berbisnis pandemi
2021-12-01,"Raih Penghargaan FFI 2021, Film Nussa Bakal Tayang di Bioskop Online",raih penghargaan ffi film nussa tayang bioskop online
2021-12-01,"Pembukaan Presidensi G20, Jokowi: Saya Undang Para Delegasi Datang ke Indonesia",pembukaan presidensi g jokowi undang delegasi indonesia
2021-12-01,"Laba Konsolidasi BUMN Capai Rp 61 Triliun, Industri Keuangan Penyumbang Terbesar",laba konsolidasi bumn capai rp triliun industri keuangan penyumbang terbesar
2021-12-01,"22 Korban Penipuan Marinir Gadungan Berpangkat Mayjen Lapor ke Polisi, Kerugian Capai Rp 500 Juta ",korban penipuan marinir gadungan berpangkat mayjen lapor polisi kerugian capai rp juta
2021-12-01,6 Gejala Asam Urat yang Perlu Diwaspadai,gejala asam urat diwaspadai
2021-12-01,Kemenkes Sebut Varian Omicron Sudah Terdeteksi di 23 Negara,kemenkes varian omicron terdeteksi negara
2021-12-01,"5 Restoran Fine Dining di Bali, Cocok untuk Liburan Romantis di Bali",restoran fine dining bali cocok liburan romantis bali
2021-12-01,BWF World Tour Finals: Marcus/Kevin Senang Revans atas Juara Olimpiade,bwf world tour finals marcus kevin senang revans juara olimpiade
2021-12-01,Sampah Antariksa Berkecepatan Tinggi Bikin Astronot Gagal Spacewalk,sampah antariksa berkecepatan bikin astronot gagal spacewalk
2021-12-01,"Ayah di Ponorogo Cabuli 2 Anak Kandung Selama 8 Tahun, Pelaku Dilaporkan Istri ke Polisi",ayah ponorogo cabuli anak kandung pelaku dilaporkan istri polisi
2021-12-01,"Kota Bogor Turun ke PPKM Level 2, Kemungkinan karena Klaster PTM Terbatas",kota bogor turun ppkm level klaster ptm terbatas
2021-12-01,"Video Viral Hewan Mirip Jari Tangan, Apa Itu? Ini Penjelasan Ahli LIPI",video viral hewan jari tangan penjelasan ahli lipi
2021-12-01,5 Tanda Kucing Marah dengan Pemiliknya,tanda kucing marah pemiliknya
2021-12-01,Ini Deretan Hunian Perumnas yang Bisa Dipilih Warga Jabodetabek,deretan hunian perumnas dipilih warga jabodetabek
2021-12-01,Sikap Awal Push-up,sikap push up
2021-12-01,"Terungkap, Sopir Angkutan Barang di Medan Dibunuh Sahabatnya karena Dendam ",terungkap sopir angkutan barang medan dibunuh sahabatnya dendam
2021-12-01,"Apa itu NPWP: Pengertian, Manfaat, Jenis, dan Fungsinya",npwp pengertian manfaat jenis fungsinya
2021-12-01,Mensesneg: Untuk Pertama Kalinya Komnas Disabilitas Dibentuk,mensesneg kalinya komnas disabilitas dibentuk
2021-12-01,"Empat Hari HST Kalsel Terendam Banjir, Pengungsi Mulai Keluhkan Gatal-gatal",hst kalsel terendam banjir pengungsi keluhkan gatal gatal
2021-12-01,"Kembali Hadir, FFFest 2021 Jadi Event Kolaborasi Online Terbesar di Indonesia",hadir fffest event kolaborasi online terbesar indonesia
2021-12-01,"Tabrak Truk Fuso yang Sedang Berhenti di Bypass Bandara Lombok, Seorang Pengendara Motor Tewas",tabrak truk fuso berhenti bypass bandara lombok pengendara motor tewas
2021-12-01,"Reksadana Pasar Uang: Definisi, Keuntungan, dan Risikonya",reksadana pasar uang definisi keuntungan risikonya
2021-12-01,Cerita Warga Gunungkidul Relakan Tanahnya Ditempati SD Selama Puluhan Tahun,cerita warga gunungkidul relakan tanahnya ditempati sd puluhan
2021-12-01,"Dua Mahasiswi Unsri Kembali Jadi Korban Pelecehan Seksual, Kali Ini Dilakukan Oknum Staf Kampus",mahasiswi unsri korban pelecehan seksual kali oknum staf kampus
2021-12-01,"Dengar Pidato Cak Nun, Indro Enggan Bikin Biopik Warkop DKI ",dengar pidato cak nun indro enggan bikin biopik warkop dki
2021-12-01,Lirik dan Chord Lagu 5:15 AM - Mark Knopfler,lirik chord lagu am mark knopfler
2021-12-01,Petenis Johanna Konta Putuskan Pensiun,petenis johanna konta putuskan pensiun
2021-12-01,"SKK Migas: Perjalanan Menuju ""Net Zero Emission"" Bukan Sprint...",skk migas perjalanan net zero emission sprint
2021-12-01,"UPDATE 1 Desember: 292.143 Spesimen Terkait Covid-19 Diperiksa, Positivity Rate PCR 0,76 Persen",update desember spesimen terkait covid diperiksa positivity rate pcr persen
2021-12-01,"Hikmah Raditya Dika soal Khawatirkan Masa Depan, Akhirnya Siapkan Dana Pensiun",hikmah raditya dika khawatirkan siapkan dana pensiun
2021-12-01,"ODGJ yang Bakar Rumah Warga di Blitar Pernah Bunuh Orang, Camat: Sampai Ditolak Panti Rehabilitasi",odgj bakar rumah warga blitar bunuh orang camat ditolak panti rehabilitasi
2021-12-01,Apindo Karawang: UMK 2022 hanya Berlaku untuk Karyawan yang Belum Setahun Kerja,apindo karawang umk berlaku karyawan setahun kerja
2021-12-01,Jokowi: Saya Ingin Presidensi Indonesia di G20 Tak Sebatas Seremonial,jokowi presidensi indonesia g sebatas seremonial
2021-12-01,RSUD Kota Depok Siapkan Tangki Oksigen Kapasitas 10 Ton untuk Antisipasi Gelombang Ketiga Covid-19,rsud kota depok siapkan tangki oksigen kapasitas ton antisipasi gelombang ketiga covid
2021-12-01,INFOGRAFIK: Aturan Terbaru Karantina Perjalanan Internasional,infografik aturan terbaru karantina perjalanan internasional
2021-12-01,"Hari AIDS Sedunia, Apa Bedanya HIV dengan AIDS?",aids sedunia bedanya hiv aids
2021-12-01,Lirik dan Chord Lagu Fifteen Minutes - Mike Krol,lirik chord lagu fifteen minutes mike krol
2021-12-01,9 Ruas Tol Trans-Sumatera Siap Digunakan Libur Natal dan Tahun Baru,ruas tol trans sumatera libur natal
2021-12-01,Ini Tarif Pajak Penghasilan Badan dan Cara Menghitungnya,tarif pajak penghasilan badan menghitungnya
2021-12-01,90 Persen Pasien Covid-19 di Wisma Atlet Kemayoran WNI Repatriasi,persen pasien covid wisma atlet kemayoran wni repatriasi
2021-12-01,"Program Pembibitan Ikan di Pangkalpinang Terancam Mandek, gara-gara Tak Ada Anggaran",program pembibitan ikan pangkalpinang terancam mandek gara gara anggaran
2021-12-01,"Cedera Pinggang, Kento Momota Mundur dari BWF World Tour Finals 2021 ",cedera pinggang kento momota mundur bwf world tour finals
2021-12-01,"Wisatawan Mancanegara Mulai Ramai Kunjungi Jakarta, Paling Banyak dari China",wisatawan mancanegara ramai kunjungi jakarta china
2021-12-01,8 Ras Anjing Terbaik untuk Berburu,ras anjing terbaik berburu
2021-12-01,"Bantu Atasi Stunting di Medan, Kadin Serahkan 200 Timbangan Bayi ke Kahiyang Ayu",bantu atasi stunting medan kadin serahkan timbangan bayi kahiyang ayu
2021-12-01,Randy Martin Masih Betah Jomlo sejak Putus dari Cassandra Lee,randy martin betah jomlo putus cassandra lee
2021-12-01,Lirik dan Chord Lagu Love Scene - Baekhyun EXO,lirik chord lagu love scene baekhyun exo
2021-12-01,"Rumah Dinasnya Diserang Preman, Wakil Ketua DPRD Riau Mengaku Dapat SMS Ancaman",rumah dinasnya diserang preman wakil ketua dprd riau mengaku sms ancaman
2021-12-01,"Dua Bulan PTM Terbatas, 22 Murid dan 16 Tenaga Pendidik di Tangsel Positif Covid-19",ptm terbatas murid tenaga pendidik tangsel positif covid
2021-12-01,"1.244 Warga Depok Idap HIV/AIDS, Paling Banyak di Pancoran Mas",warga depok idap hiv aids pancoran mas
2021-12-01,Indonesia Larang Kedatangan WNA dari 11 Negara akibat Varian Omicron ,indonesia larang kedatangan wna negara akibat varian omicron
2021-12-01,"Dikeluhkan karena Turun Terus , Berapa Sebenernya Anggaran MPR?",dikeluhkan turun sebenernya anggaran mpr
2021-12-01,Tarif Cukai Rokok Kemungkinan Terbit Pekan Depan,tarif cukai rokok terbit pekan
2021-12-01,"BMKG Peringatkan Potensi Siklon Tropis Teratai di Samudera Hindia, Barat Daya Lampung",bmkg peringatkan potensi siklon tropis teratai samudera hindia barat daya lampung
2021-12-01,"Viral, Video Tukang Parkir Pasar Ludahi Perempuan Berdaster di Medan, Ini Kata Polisi",viral video tukang parkir pasar ludahi perempuan berdaster medan polisi
2021-12-01,Lirik dan Chord Lagu I Don't Wanna Have to Lie - Lolo,lirik chord lagu i don t wan na have to lie lolo
2021-12-01,"5 Fakta Menarik Serial Terbaru Reza Rahadian, Layangan Putus",fakta menarik serial terbaru reza rahadian layangan putus
2021-12-01,Solidaritas Jurnalis di Semarang untuk Nurhadi Korban Kekerasan Saat Liputan,solidaritas jurnalis semarang nurhadi korban kekerasan liputan
2021-12-01,"Dekat dengan Kehidupan, Bony Wirasmono Sebut Film Nussa Cocok Ditonton Semua Kalangan",kehidupan bony wirasmono film nussa cocok ditonton kalangan
2021-12-01,Mantan Perdana Menteri Lesotho Didakwa atas Pembunuhan Istrinya,mantan perdana menteri lesotho didakwa pembunuhan istrinya
2021-12-01,"Sepenggal Cerita Petani Tembakau, dari Warisan hingga Cinta...",sepenggal cerita petani tembakau warisan cinta
2021-12-01,5 Aplikasi Gratis untuk Berbagi File di Ponsel Android,aplikasi gratis berbagi file ponsel android
2021-12-01,"Polisi: Peran 2 Terduga Teroris di Luwu Timur, Siapkan Tempat Pertemuan dan Jaga Senjata",polisi peran terduga teroris luwu timur siapkan pertemuan jaga senjata
2021-12-01,"Kesedihan Nora Alexandra Antar Jerinx ke Ruang Tahanan: Baru Bebas, Harus Masuk Lagi...",kesedihan nora alexandra jerinx ruang tahanan bebas masuk
2021-12-01,"Tiga Pelajar SMP Berkomplot dengan Residivis, Bunuh Seorang Perempuan, LPA: Ini PR Besar bagi Masyarakat dan Pemerintah",pelajar smp berkomplot residivis bunuh perempuan lpa pr masyarakat pemerintah
2021-12-01,"2 Polisi Penganiaya Jurnalis Tempo di Surabaya Dituntut 1,5 Tahun Penjara",polisi penganiaya jurnalis tempo surabaya dituntut penjara
2021-12-01,Apakah Pengidap Diabetes Boleh Makan Kurma?,pengidap diabetes makan kurma
2021-12-01,Fenomena Langit Desember 2021: Super New Moon dan 7 Puncak Hujan Meteor,fenomena langit desember super new moon puncak hujan meteor
2021-12-01,"BWF World Tour Finals: Praveen/Melati Kembali ke Ritme Permainan, tetapi... ",bwf world tour finals praveen melati ritme permainan
2021-12-01,"[HOAKS] Ada Laba-Laba Berbisa di Pantai, Bisa Membunuh dalam 5 Menit",hoaks laba laba berbisa pantai membunuh menit
2021-12-01,Penis Bengkak,penis bengkak
2021-12-01,Lirik dan Chord Lagu For Memories - Wilbur Soot,lirik chord lagu for memories wilbur soot
2021-12-01,Bersiap Liburan? Berikut Skenario Pembatasan di Sektor Transportasi,liburan skenario pembatasan sektor transportasi
2021-12-01,Firli Bahuri Berharap Tak Ada Lagi Korupsi Terkait Perizinan Investasi,firli bahuri berharap korupsi terkait perizinan investasi
2021-12-01,PLN Minta Maaf Pemeliharaan PLTGU Bikin Listrik di Batam Padam,pln maaf pemeliharaan pltgu bikin listrik batam padam
2021-12-01,"100 Anak Eks Pejuang Timtim Diminta Jokowi Kerja di BUMN, Eurico Guterres: Sejarah bagi Kami",anak eks pejuang timtim jokowi kerja bumn eurico guterres sejarah
2021-12-01,Peringatan BMKG: Banjir Rob Diprediksi Landa Pesisir Jakarta Utara 2-9 Desember,peringatan bmkg banjir rob diprediksi landa pesisir jakarta utara desember
2021-12-01,Hasil BWF World Tour Finals 2021 - Marcus/Kevin Atasi Rintangan Pertama,hasil bwf world tour finals marcus kevin atasi rintangan
2021-12-01,Langkah Membersihkan Urine Kucing pada Karpet dan Keset,langkah membersihkan urine kucing karpet keset
2021-12-01,"Lirik dan Chord Lagu Like Rain, Like Music - Baekhyun EXO",lirik chord lagu like rain like music baekhyun exo
2021-12-01,"Keributan di Cililitan, Kaca Bus Transjakarta Dipecahkan Pakai Helm",keributan cililitan kaca bus transjakarta dipecahkan pakai helm
2021-12-01,"Bocah 7 Tahun di Bandung Dicabuli Pedagang Mainan, Korban Diimingi Uang Rp 5.000",bocah bandung dicabuli pedagang mainan korban diimingi uang rp
2021-12-01,Terduga Teroris Ditangkap di Luwu Timur Berencana Serang Aparat,terduga teroris ditangkap luwu timur berencana serang aparat
2021-12-01,Aturan Naik Angkutan Umum di Jakarta selama PPKM Level 2,aturan angkutan jakarta ppkm level
2021-12-01,5 Langkah Penting untuk Bangun Kebiasaan Hidup yang Baik,langkah bangun kebiasaan hidup
2021-12-01,Jeritan PKL Menyikapi Rencana Relokasi Mereka dari Kawasan Malioboro,jeritan pkl menyikapi rencana relokasi kawasan malioboro
2021-12-01,"Pimpinan MPR Usul Sri Mulyani Dicopot, Mensesneg: Itu Urusan Presiden",pimpinan mpr usul sri mulyani dicopot mensesneg urusan presiden
2021-12-01,Bakal Ada 33.000 Lapangan Kerja Baru Berkat Indonesia Jadi Presidensi G20,lapangan kerja berkat indonesia presidensi g
2021-12-01,"BMKG Ingatkan Potensi Tsunami 8 Meter di Cilegon, Pemkot Siapkan Jalur Evakuasi Warga",bmkg ingatkan potensi tsunami meter cilegon pemkot siapkan jalur evakuasi warga
2021-12-01,"Waspada Siklon Tropis Teratai, BMKG Ingatkan Potensi Hujan Lebat serta Angin Kencang di 5 Daerah Ini",waspada siklon tropis teratai bmkg ingatkan potensi hujan lebat angin kencang daerah
2021-12-01,"Jadwal Padat Selama 2022, BTS Batal Tampil di Batam",jadwal padat bts batal tampil batam
2021-12-01,Apa Pentingnya Senjata Hipersonik?,senjata hipersonik
2021-12-01,"Bicarakan Album Peaches, Kai EXO: Saya Ingin Menunjukkan Sisi Baru",bicarakan album peaches kai exo sisi
2021-12-01,UPN Veteran Jakarta Selalu Terbuka Informasikan Meninggalnya Mahasiswa,upn veteran jakarta terbuka informasikan meninggalnya mahasiswa
2021-12-01,"Menhub Resmi Perkenalkan I-Motion, Apa Itu?",menhub resmi perkenalkan i motion
2021-12-01,Bedanya Ruang Tamu dan Ruang Keluarga,bedanya ruang tamu ruang keluarga
2021-12-01,"Petani di Bandung Makin Canggih, Dikenalkan Teknologi ""Drone"" untuk Pemupukan",petani bandung canggih dikenalkan teknologi drone pemupukan
2021-12-01,BPBD Kotabaru Kalsel Bantah Kabar Ada Korban Tewas akibat Tanah Bergerak,bpbd kotabaru kalsel bantah kabar korban tewas akibat tanah bergerak
2021-12-01,"Nia Ramadhani dan Ardi Bakrie Jalani Sidang Perdana Kasus Narkoba Besok, Begini Respons Kuasa Hukum ",nia ramadhani ardi bakrie jalani sidang perdana narkoba besok respons kuasa hukum
2021-12-01,Mahasiswa UGM Teliti Ubur-ubur sebagai Penghambat Kanker Payudara,mahasiswa ugm teliti ubur ubur penghambat kanker payudara
2021-12-01,Contoh-contoh Energi Alternatif Terbarukan,contoh contoh energi alternatif terbarukan
2021-12-01,"Ditahan Lagi, Ini Perjalanan Kasus Jerinx SID vs Adam Deni",ditahan perjalanan jerinx sid vs adam deni
2021-12-01,Lirik dan Chord Lagu Seventeen Going Under - Sam Fender,lirik chord lagu seventeen going under sam fender
2021-12-01,"Kebal Krisis, Properti Syariah Tumbuh Eksponensial Selama Pandemi",kebal krisis properti syariah tumbuh eksponensial pandemi
2021-12-01,INFOGRAFIK: Aturan Perjalanan Darat Selama Libur Natal dan Tahun Baru 2022,infografik aturan perjalanan darat libur natal
2021-12-01,"Stok Kondom KPA Pangkalpinang Menipis, Padahal Dibutuhkan Penyintas HIV/AIDS",stok kondom kpa pangkalpinang menipis dibutuhkan penyintas hiv aids
2021-12-01, Menhub Ajak Milenial Jadi Pelopor Gerakan Sadar Keselamatan Berlalu Lintas,menhub ajak milenial pelopor gerakan sadar keselamatan lintas
2021-12-01,"BWF World Tour Finals: Kalah Start dan Buru-buru, Faktor Kekalahan Pramudya/Yeremia ",bwf world tour finals kalah start buru buru faktor kekalahan pramudya yeremia
2021-12-01,Mau Sukses di Piala AFF 2020? Ikuti Aturan Ini,sukses piala aff ikuti aturan
2021-12-01,"Wapres Ma'ruf Sebut Investasi Singapura Periode Januari-September Capai 7,3 Miliar Dolar AS",wapres ma ruf investasi singapura periode januari september capai miliar dolar as
2021-12-01,"PMI Manufaktur RI 53,9, Kemenkeu: Langkah Pengendalian Pandemi Membuahkan Hasil",pmi manufaktur ri kemenkeu langkah pengendalian pandemi membuahkan hasil
2021-12-01,UPN Veteran Jakarta: Tak Ada Tanda Kekerasan Jasad Mahasiswi yang Meninggal Saat Diklat Menwa,upn veteran jakarta tanda kekerasan jasad mahasiswi meninggal diklat menwa
2021-12-01,Lirik dan Chord Lagu Rescue Me - Marshmello,lirik chord lagu rescue me marshmello
2021-12-01,"Dicoret DPRD, Anggaran Sumur Resapan Bisa untuk Tambal Gaji PJLP",dicoret dprd anggaran sumur resapan tambal gaji pjlp
2021-12-01,21 Kabupaten/Kota Alami Kenaikan Kasus Covid-19 Sepekan Terakhir,kabupaten kota alami kenaikan covid sepekan
2021-12-01,Metrodata Gandeng Amazon Web Services Sediakan Layanan Transformasi dengan Cloud,metrodata gandeng amazon web services sediakan layanan transformasi cloud
2021-12-01,"Indonesia-Seychelles Bahas Kerja Sama Ekonomi Biru, Menteri KP Berikan Apresiasi",indonesia seychelles bahas kerja ekonomi biru menteri kp apresiasi
2021-12-01,Gibran Larang ASN Solo Mudik dan Bepergian Saat Libur Natal dan Tahun Baru,gibran larang asn solo mudik bepergian libur natal
2021-12-01,"Sudah Digencarkan Sejak 2010, Pariwisata Halal di NTB Masih Digodok",digencarkan pariwisata halal ntb digodok
2021-12-01,5 Penyebab Kucing Berhenti Menyantap Makanan Kering,penyebab kucing berhenti menyantap makanan kering
2021-12-01,"Lahan Belum Dibayar, Warga Pagari Kawasan Sirkuit Mandalika dengan Pohon Pisang",lahan dibayar warga pagari kawasan sirkuit mandalika pohon pisang
2021-12-01,"Reuni 212 Diancam Pidana, Panitia: Seharusnya Polisi Mengamankan, Bukan Menakut-nakuti!",reuni diancam pidana panitia polisi mengamankan menakut nakuti
2021-12-01,Jokowi Kumpulkan Menteri di Istana Bahas Corona Omicron,jokowi kumpulkan menteri istana bahas corona omicron
2021-12-01,"Jadi Tahanan Kejaksaan, Musisi Jerinx Pertimbangan Ajukan Penangguhan Penahanan",tahanan kejaksaan musisi jerinx pertimbangan ajukan penangguhan penahanan
2021-12-01,"Waspada Varian Omicron, Dokter RS UNS Imbau Pemerintah Lakukan Hal Ini",waspada varian omicron dokter rs uns imbau pemerintah lakukan
2021-12-01,"Naik Motor Bebek Sampai ke Paris, Video Perjalanan Pasangan Malaysia Ini Jadi Viral",motor bebek paris video perjalanan pasangan malaysia viral
2021-12-01,ODGJ di Blitar Mengamuk: Minggir! Biar Aku Bakar Rumah Teroris Ini,odgj blitar mengamuk minggir biar bakar rumah teroris
2021-12-01,"Berkat Sinergi dan Inovasi dalam Pemulihan Ekonomi, Gojek Raih Bank Indonesia Award 2021",berkat sinergi inovasi pemulihan ekonomi gojek raih bank indonesia award
2021-12-01,"3 Fakta Unik Restoran All You Can Eat, dari Mana Asalnya?",fakta unik restoran all you can eat asalnya
2021-12-01,"Hasil Drawing Kejuaraan Dunia Badminton 2021, 6 Wakil Indonesia Dapat ""Bye""",hasil drawing kejuaraan dunia badminton wakil indonesia bye
2021-12-01,"Cegah Predator Seksual di Game Online, Pimpinan Komisi X Usul Fitur Chat Dimatikan",cegah predator seksual game online pimpinan komisi x usul fitur chat dimatikan
2021-12-01,"Hari AIDS Sedunia, Twitter Luncurkan Notifikasi Khusus HIV di Indonesia",aids sedunia twitter luncurkan notifikasi khusus hiv indonesia
2021-12-01,"PPKM Level 3 di Tangsel, Anak 12 Tahun ke Bawah Dilarang Masuk Mal dan Bioskop",ppkm level tangsel anak dilarang masuk mal bioskop
2021-12-01,Lirik Lagu let you - iann dior,lirik lagu let you iann dior
2021-12-01,"Pemerintah Bakal Kembali Terbitkan SKB 4 Menteri, Perjelas Ketentuan soal PTM Terbatas",pemerintah terbitkan skb menteri perjelas ketentuan ptm terbatas
2021-12-01,Densus 88 Sita Senapan M16 dan 124 Peluru dari Terduga Teroris di Sulsel,densus sita senapan m peluru terduga teroris sulsel
2021-12-01,"Foto Viral Pasutri Naik Motor hingga Menara Eiffel, Begini Ceritanya",foto viral pasutri motor menara eiffel ceritanya
2021-12-01,Momen Indro Satukan Lagi Warkop DKI Setelah Kasino dan Dono Tak Bicara 3 Tahun ,momen indro satukan warkop dki kasino dono bicara
2021-12-01,Pil Covid Molnupiravir Merck Akhirnya Kantongi Izin FDA,pil covid molnupiravir merck kantongi izin fda
